Analytische Chemie Hörerlabor links,32,E150,Nicht buchbar,Verfügbar,Eckbau,"Getreidemarkt 9,",BB05C01,https://tiss.tuwien.ac.at/events/roomSchedule.xhtml?roomCode=BB05C01
Analytische Chemie Hörerlabor rechts,32,E150,Nicht buchbar,Verfügbar,Eckbau,"Getreidemarkt 9,",BB05C17,https://tiss.tuwien.ac.at/events/roomSchedule.xhtml?roomCode=BB05C17
Anorganische Spurenalanlytik,3,E150,Nicht buchbar,Verfügbar,Eckbau,"Getreidemarkt 9,",BB04C23,https://tiss.tuwien.ac.at/events/roomSchedule.xhtml?roomCode=BB04C23
Atominstitut Bibliothek,25,E141,Lokal,Verfügbar,Atominstitut,"Stadionallee 2, 1. Stock, links",ZA0115,https://tiss.tuwien.ac.at/events/roomSchedule.xhtml?roomCode=ATIB
"Aufbaulabor - Achtung! Werkraum, kein Hörsaal!",120,E299-01,Lokal,Verfügbar,Hauptgebäude,"Karlsplatz 13, Hauptgebäude, Stiege 7, 1.Stock",AH0105,https://tiss.tuwien.ac.at/events/roomSchedule.xhtml?roomCode=ABL
Besprechung O214 - 1,14,,Zentral,Verfügbar,ARSENAL Objekt 214,"Franz-Grill-Straße 9,",OZEG43,https://tiss.tuwien.ac.at/events/roomSchedule.xhtml?roomCode=OZEG43
Besprechungsraum 01,5,,Lokal,Verfügbar,Lehartrakt,"Lehargasse 4,",BC01A04,https://tiss.tuwien.ac.at/events/roomSchedule.xhtml?roomCode=BC01A04
Besprechungsraum 01,10,E199-01,Nicht buchbar,Verfügbar,Erzherzog-Johann-Pl. 1,"Erzherzog-Johann-Platz 1,",FB0411,https://tiss.tuwien.ac.at/events/roomSchedule.xhtml?roomCode=FB0411
Besprechungsraum 02,10,E199-01,Nicht buchbar,Verfügbar,Erzherzog-Johann-Pl. 1,"Erzherzog-Johann-Platz 1,",FB0402,https://tiss.tuwien.ac.at/events/roomSchedule.xhtml?roomCode=FB0402
Besprechungsraum 362 - 2,12,E362,Nicht buchbar,Verfügbar,ZMNS,"Gußhausstraße 25-25a,",CH0205B,https://tiss.tuwien.ac.at/events/roomSchedule.xhtml?roomCode=CH0205B
Besprechungsraum Galerie,14,E629,Zentral,Verfügbar,Institutsgebäude,"Argentinierstraße 8, Argentinierstrasse 8, 1. Stock",EAZE04,https://tiss.tuwien.ac.at/events/roomSchedule.xhtml?roomCode=BRG
Besprechungsraum Kuppel,8,E629,Zentral,Verfügbar,Institutsgebäude,"Argentinierstraße 8, Argentienerstraße 8, EG",EAEG05A,https://tiss.tuwien.ac.at/events/roomSchedule.xhtml?roomCode=BRK
Bibliothek E354,20,,Nicht buchbar,Verfügbar,Haupttrakt,"Gußhausstraße 25-25a, Gußhausstraße 25",CF0117,https://tiss.tuwien.ac.at/events/roomSchedule.xhtml?roomCode=CF0117
Bibliothek E363,20,E363,Lokal,Verfügbar,Gußhausstr. 27-29 - Neu El,"Gußhausstraße 25-29,",CB0115,https://tiss.tuwien.ac.at/events/roomSchedule.xhtml?roomCode=CB0115
Büro Birner-Grünberger,3,,Nicht buchbar,Verfügbar,Geniegebäude,"Getreidemarkt 9,",BZ0101,https://tiss.tuwien.ac.at/events/roomSchedule.xhtml?roomCode=BZ0101
Büro Kasper-Giebl,3,,Nicht buchbar,Verfügbar,Eckbau,"Getreidemarkt 9,",BB03I25,https://tiss.tuwien.ac.at/events/roomSchedule.xhtml?roomCode=BB03I25
Büro Marchetti-Deschmann,3,,Nicht buchbar,Verfügbar,Eckbau,"Getreidemarkt 9,",BB05N25,https://tiss.tuwien.ac.at/events/roomSchedule.xhtml?roomCode=BB05N25
Büro Schnürch,5,,Nicht buchbar,Verfügbar,Loschmitdt Trakt,"Getreidemarkt 9,",BI02A07,https://tiss.tuwien.ac.at/events/roomSchedule.xhtml?roomCode=BI02A07
Büro Stanetty,3,,Nicht buchbar,Verfügbar,Loschmitdt Trakt,"Getreidemarkt 9,",BI02H08,https://tiss.tuwien.ac.at/events/roomSchedule.xhtml?roomCode=BI02H08
CAD-Labor Saal 1 und 2,60,E307,Lokal,Verfügbar,Hoftrakt,"Lehargasse 6,",BD07B33,https://tiss.tuwien.ac.at/events/roomSchedule.xhtml?roomCode=BD+07+D32
CAD-Labor Saal 3,30,E307,Lokal,Verfügbar,Hoftrakt,"Lehargasse 6,",BD06B33,https://tiss.tuwien.ac.at/events/roomSchedule.xhtml?roomCode=BD+06+B33
CAD1,13,E104-04,Nicht buchbar,Verfügbar,Freihausgebäude,"Wiedner Hauptstraße 8-10,",DA08G10,https://tiss.tuwien.ac.at/events/roomSchedule.xhtml?roomCode=DA08G10
CAD2,15,E104-04,Nicht buchbar,Verfügbar,Freihausgebäude,"Wiedner Hauptstraße 8-10,",DA07E10,https://tiss.tuwien.ac.at/events/roomSchedule.xhtml?roomCode=DA07E10
CEE EDV-Lehrraum,30,E249,Nicht buchbar,Verfügbar,Hauptgebäude,"Karlsplatz 13,",AE0138,https://tiss.tuwien.ac.at/events/roomSchedule.xhtml?roomCode=AE0138
CEE Sitzungszimmer,20,E249,Nicht buchbar,Verfügbar,Hauptgebäude,"Karlsplatz 13,",AE0144,https://tiss.tuwien.ac.at/events/roomSchedule.xhtml?roomCode=AE0144
CPS Bibliothek,11,E191-50,Lokal,Verfügbar,Institutsgebäude,"Treitlstraße 3,",DE0328,https://tiss.tuwien.ac.at/events/roomSchedule.xhtml?roomCode=DE0328
CPS Labor,10,,Lokal,Verfügbar,Institutsgebäude,"Treitlstraße 3,",DE0302,https://tiss.tuwien.ac.at/events/roomSchedule.xhtml?roomCode=DE0302
Computerlabor CA 0514,6,E360-01,Nicht buchbar,Verfügbar,Gußhausstr. 27-29 - Neu El,"Gußhausstraße 25-29,",CA0514,https://tiss.tuwien.ac.at/events/roomSchedule.xhtml?roomCode=CA+0514
Computerlabor CA 0518,3,E360-01,Nicht buchbar,Verfügbar,Gußhausstr. 27-29 - Neu El,"Gußhausstraße 25-29,",CA0518,https://tiss.tuwien.ac.at/events/roomSchedule.xhtml?roomCode=CA+0518
Computerlabor CA0510,6,E360-01,Nicht buchbar,Verfügbar,Gußhausstr. 27-29 - Neu El,"Gußhausstraße 25-29,",CA0510,https://tiss.tuwien.ac.at/events/roomSchedule.xhtml?roomCode=CA0510
Computerlabor CH0217,18,E362,Nicht buchbar,Verfügbar,ZMNS,"Gußhausstraße 25-25a,",CH0217,https://tiss.tuwien.ac.at/events/roomSchedule.xhtml?roomCode=Ch0217
DSLab,24,E194,Nicht buchbar,Verfügbar,Institutsgebäude,"Argentinierstraße 8,",EAU120B,https://tiss.tuwien.ac.at/events/roomSchedule.xhtml?roomCode=EA+U1+20B
EDV Praktikum Physik,32,E134,Lokal,Verfügbar,Freihausgebäude,"Wiedner Hauptstraße 8-10, Turm A, grüner Bereich, 1. OG",DB01E09,https://tiss.tuwien.ac.at/events/roomSchedule.xhtml?roomCode=EDVP
EDV-Raum. DA grün 02 D,28,E129,Lokal,Verfügbar,Freihausgebäude,"Wiedner Hauptstraße 8-10, , Turm A, grüner Bereich, 2. OG",DA02K20,https://tiss.tuwien.ac.at/events/roomSchedule.xhtml?roomCode=DA02K20
EI 1 Petritsch HS,63,,Zentral,Verfügbar,Haupttrakt,"Gußhausstraße 25-25a, 2. Stock",CF0242,https://tiss.tuwien.ac.at/events/roomSchedule.xhtml?roomCode=E1
EI 10 Fritz Paschke HS - UIW,151,,Zentral,Verfügbar,Gußhausstr. 27-29 - Neu El,"Gußhausstraße 25-29, Stiege 1, Erdgeschoss",CAEG31,https://tiss.tuwien.ac.at/events/roomSchedule.xhtml?roomCode=E10
EI 11 Geodäsie HS - INF,81,,Zentral,Verfügbar,Gußhausstr. 27-29 - Neu El,"Gußhausstraße 25-29, Stiege 1, 3. Stock",CD0304,https://tiss.tuwien.ac.at/events/roomSchedule.xhtml?roomCode=E11
EI 2 Pichelmayer HS - ETIT,135,,Zentral,Verfügbar,Haupttrakt,"Gußhausstraße 25-25a, 2. Stock",CF0235,https://tiss.tuwien.ac.at/events/roomSchedule.xhtml?roomCode=E2
EI 3 Sahulka HS - UIW,184,,Zentral,Verfügbar,Haupttrakt,"Gußhausstraße 25-25a, 2. Stock",CF0205,https://tiss.tuwien.ac.at/events/roomSchedule.xhtml?roomCode=E3
EI 3A Hörsaal,59,,Zentral,Verfügbar,Haupttrakt,"Gußhausstraße 25-25a, 2. Stock",CF0213,https://tiss.tuwien.ac.at/events/roomSchedule.xhtml?roomCode=E3A
EI 4 Reithoffer HS,90,,Zentral,Verfügbar,Haupttrakt,"Gußhausstraße 25-25a, 2. Stock",CF0245,https://tiss.tuwien.ac.at/events/roomSchedule.xhtml?roomCode=E4
EI 5 Hochenegg HS,114,,Zentral,Verfügbar,Haupttrakt,"Gußhausstraße 25-25a, 2. Stock",CF0229,https://tiss.tuwien.ac.at/events/roomSchedule.xhtml?roomCode=E5
EI 6 Eckert HS,30,,Zentral,Verfügbar,Haupttrakt,"Gußhausstraße 25-25a, Stiege 10, 6. Stock",CF0453,https://tiss.tuwien.ac.at/events/roomSchedule.xhtml?roomCode=E6
EI 7 Hörsaal - ETIT,434,,Zentral,Verfügbar,Gußhausstr. 27-29 - Neu El,"Gußhausstraße 25-29, Stiege 1, Erdgeschoss",CDEG13,https://tiss.tuwien.ac.at/events/roomSchedule.xhtml?roomCode=E7
EI 8 Pötzl HS - QUER,139,,Zentral,Verfügbar,Gußhausstr. 27-29 - Neu El,"Gußhausstraße 25-29, Stiege 1, Erdgeschoss",CDEG08,https://tiss.tuwien.ac.at/events/roomSchedule.xhtml?roomCode=E8
EI 9 Hlawka HS - ETIT,181,,Zentral,Verfügbar,Gußhausstr. 27-29 - Neu El,"Gußhausstraße 25-29, Stiege 1, Erdgeschoss",CAEG17,https://tiss.tuwien.ac.at/events/roomSchedule.xhtml?roomCode=E9
Ersatzraum Prechtlsaal 1,10,E299-01,Lokal & zentral,Verfügbar,Erzherzog-Johann-Pl. 1,"Erzherzog-Johann-Platz 1,",FCEG13A,https://tiss.tuwien.ac.at/events/roomSchedule.xhtml?roomCode=FCEG13A
Ersatzraum Prechtlsaal 2,25,E299-01,Lokal & zentral,Verfügbar,Erzherzog-Johann-Pl. 1,"Erzherzog-Johann-Platz 1,",FBEG13,https://tiss.tuwien.ac.at/events/roomSchedule.xhtml?roomCode=FBEG13
Ersatzraum Prechtlsaal 3,10,E299-01,Lokal & zentral,Verfügbar,Erzherzog-Johann-Pl. 1,"Erzherzog-Johann-Platz 1,",FBEG09,https://tiss.tuwien.ac.at/events/roomSchedule.xhtml?roomCode=FBEG09
FAV Hörsaal 1 Helmut Veith - INF,106,,Zentral,Verfügbar,Institutsgebäude,"Favoritenstraße 9-11, Erdgeschoß",HEEG02,https://tiss.tuwien.ac.at/events/roomSchedule.xhtml?roomCode=FAV1
FAV Hörsaal 2,35,,Zentral,Verfügbar,Institutsgebäude,"Favoritenstraße 9-11, Erdgeschoß",HEEG03,https://tiss.tuwien.ac.at/events/roomSchedule.xhtml?roomCode=FAV2
FAV Hörsaal 3 Zemanek (Seminarraum Zemanek),50,,Zentral,Verfügbar,Institutsgebäude,"Favoritenstraße 9-11, Erdgeschoß",HHEG01,https://tiss.tuwien.ac.at/events/roomSchedule.xhtml?roomCode=ZEMS
FG Labs Fleig/Opitz/Fafilek 1,3,E150,Nicht buchbar,Verfügbar,Lehartrakt,"Lehargasse 4,",BCEGH21,https://tiss.tuwien.ac.at/events/roomSchedule.xhtml?roomCode=BCEGH21
FG Labs Fleig/Opitz/Fafilek 3,3,E150,Nicht buchbar,Verfügbar,Lehartrakt,"Lehargasse 4,",BCEGH31,https://tiss.tuwien.ac.at/events/roomSchedule.xhtml?roomCode=BCEGH31
FH 8 Nöbauer HS - MATH,203,,Zentral,Verfügbar,Freihausgebäude,"Wiedner Hauptstraße 8-10, Turm B, gelber Bereich, 2. OG",DB02H12,https://tiss.tuwien.ac.at/events/roomSchedule.xhtml?roomCode=F8
FH Hörsaal 1 - MWB,383,,Zentral,Verfügbar,Freihausgebäude,"Wiedner Hauptstraße 8-10, Turm C, roter Bereich, 1. u. 2. OG",DC02H03,https://tiss.tuwien.ac.at/events/roomSchedule.xhtml?roomCode=F1
FH Hörsaal 2,53,,Zentral,Verfügbar,Freihausgebäude,"Wiedner Hauptstraße 8-10, Turm B, gelber Bereich, 2. OG",DB02O23,https://tiss.tuwien.ac.at/events/roomSchedule.xhtml?roomCode=F2
FH Hörsaal 3 - MATH,86,,Zentral,Verfügbar,Freihausgebäude,"Wiedner Hauptstraße 8-10, Turm B, gelber Bereich, 2. OG",DB02O13,https://tiss.tuwien.ac.at/events/roomSchedule.xhtml?roomCode=F3
FH Hörsaal 4,54,,Zentral,Verfügbar,Freihausgebäude,"Wiedner Hauptstraße 8-10, Turm B, gelber Bereich, 2. OG",DB02O05,https://tiss.tuwien.ac.at/events/roomSchedule.xhtml?roomCode=F4
FH Hörsaal 5 - TPH,198,,Zentral,Verfügbar,Freihausgebäude,"Wiedner Hauptstraße 8-10, Turm A, grüner Bereich, 2. OG",DA02G15,https://tiss.tuwien.ac.at/events/roomSchedule.xhtml?roomCode=F5
FH Hörsaal 6 - TPH,198,,Zentral,Verfügbar,Freihausgebäude,"Wiedner Hauptstraße 8-10, Turm A, grüner Bereich, 2. OG",DA02K01,https://tiss.tuwien.ac.at/events/roomSchedule.xhtml?roomCode=F6
FH Hörsaal 7 - GEO,70,,Zentral,Verfügbar,Freihausgebäude,"Wiedner Hauptstraße 8-10, Turm B, gelber Bereich, 2. OG",DB02H04,https://tiss.tuwien.ac.at/events/roomSchedule.xhtml?roomCode=F7
Forschungslabor,5,E150,Nicht buchbar,Verfügbar,Institutsgebäude,"Gumpendorfer Straße 1a,",BH03A01,https://tiss.tuwien.ac.at/events/roomSchedule.xhtml?roomCode=BH03A01
GIS Labor DC rot 01,40,E120,Lokal,Verfügbar,Freihausgebäude,"Wiedner Hauptstraße 8-10, Turm C, roter Bereich, 1. OG",DC01F02,https://tiss.tuwien.ac.at/events/roomSchedule.xhtml?roomCode=DC01F02
GM 1 Audi. Max.- ARCH-INF,491,,Zentral,Verfügbar,Plus Energie Büro Hochhaus,"Getreidemarkt 9, Bauteil BA Hochhaus, EG",BAU178A,https://tiss.tuwien.ac.at/events/roomSchedule.xhtml?roomCode=AUDI
GM 2 Radinger Hörsaal - TCH,240,,Zentral,Verfügbar,Hoftrakt,"Lehargasse 6, Bauteil BD Hoftrakt, 1.OG",BD01B33,https://tiss.tuwien.ac.at/events/roomSchedule.xhtml?roomCode=RADI
GM 3 Vortmann Hörsaal - VT,102,,Zentral,Verfügbar,Plus Energie Büro Hochhaus,"Getreidemarkt 9, Bauteil BA Hochhaus, 2.OG",BA02A05,https://tiss.tuwien.ac.at/events/roomSchedule.xhtml?roomCode=VORT+HS
GM 4 Knoller Hörsaal - VT,104,,Zentral,Verfügbar,Hoftrakt,"Lehargasse 6, Bauteil BD Hoftrakt, 2.OG",BD02D32,https://tiss.tuwien.ac.at/events/roomSchedule.xhtml?roomCode=KNOL
GM 5 Praktikum HS- TCH,232,,Zentral,Verfügbar,Plus Energie Büro Hochhaus,"Getreidemarkt 9, Bauteil BA Hochhaus, 2.UG",BAU276A,https://tiss.tuwien.ac.at/events/roomSchedule.xhtml?roomCode=BA_PRAKT
GM 7 Kleiner Schiffbau,30,,Zentral,Verfügbar,Hoftrakt,"Lehargasse 6, Bauteil BD Hoftrakt, 1.OG",BD01B41,https://tiss.tuwien.ac.at/events/roomSchedule.xhtml?roomCode=KSCH
GM 8/9 - Hörsaal des Internationalen Wiener Motorensymposiums,96,,Zentral,Verfügbar,Hoftrakt,"Lehargasse 6, Bauteil BD Hoftrakt, 2.OG",BD02B33,https://tiss.tuwien.ac.at/events/roomSchedule.xhtml?roomCode=BAU1_ZID
HS 13 Ernst Melan - RPL,160,,Zentral,Verfügbar,Hauptgebäude,"Karlsplatz 13, Stiege 7",AE0239,https://tiss.tuwien.ac.at/events/roomSchedule.xhtml?roomCode=H13
HS 14A Günther Feuerstein,102,,Zentral,Verfügbar,Hauptgebäude,"Karlsplatz 13, Stiege 3, 3. Stock",AB0306,https://tiss.tuwien.ac.at/events/roomSchedule.xhtml?roomCode=H14A
HS 17 Friedrich Hartmann - ARCH,211,,Zentral,Verfügbar,Hauptgebäude,"Karlsplatz 13, Stiege 7, 3. Stock",AE0341,https://tiss.tuwien.ac.at/events/roomSchedule.xhtml?roomCode=H17
HS 18 Czuber - MB,200,,Zentral,Verfügbar,Hauptgebäude,"Karlsplatz 13, zw.Stiege 2 u. 8, 2. Stock",AE0238,https://tiss.tuwien.ac.at/events/roomSchedule.xhtml?roomCode=H18
HS 7 Schütte-Lihotzky - ARCH,143,,Zentral,Verfügbar,Hauptgebäude,"Karlsplatz 13, Hof 2, Stiege 7",AHEG07,https://tiss.tuwien.ac.at/events/roomSchedule.xhtml?roomCode=H7
HS 8 Heinz Parkus - CEE,196,,Zentral,Verfügbar,Hauptgebäude,"Karlsplatz 13, Stiege 7",AE0141,https://tiss.tuwien.ac.at/events/roomSchedule.xhtml?roomCode=H8
HS Atrium 1,150,,Zentral,Verfügbar,ARSENAL Objekt 214,"Franz-Grill-Straße 9,",OZEG80,https://tiss.tuwien.ac.at/events/roomSchedule.xhtml?roomCode=OZEG80
HS Atrium 2,86,,Zentral,Verfügbar,ARSENAL Objekt 214,"Franz-Grill-Straße 9,",OZEG76,https://tiss.tuwien.ac.at/events/roomSchedule.xhtml?roomCode=OZEG76
HS O221,131,,Zentral,Verfügbar,Objekt 221,"Franz-Grill-Straße 2-4,",OA01E29,https://tiss.tuwien.ac.at/events/roomSchedule.xhtml?roomCode=OA01E29
Hauptlabor des VT-Instituts,9,E150,Nicht buchbar,Verfügbar,Loschmitdt Trakt,"Getreidemarkt 9,",BI04G12,https://tiss.tuwien.ac.at/events/roomSchedule.xhtml?roomCode=BI04G12
Helmut Rauch Hörsaal - TPH,196,E141,Lokal,Verfügbar,Atominstitut,"Stadionallee 2,",ZDEG01,https://tiss.tuwien.ac.at/events/roomSchedule.xhtml?roomCode=AIHS
Hörerlabor,22,E150,Nicht buchbar,Verfügbar,Institutsgebäude,"Gumpendorfer Straße 1a,",BHEGA01,https://tiss.tuwien.ac.at/events/roomSchedule.xhtml?roomCode=BHEGA01
Hörerlabor BC 1,21,E150,Nicht buchbar,Verfügbar,Lehartrakt,"Lehargasse 4,",BC04H01,https://tiss.tuwien.ac.at/events/roomSchedule.xhtml?roomCode=BC04H01
Hörerlabor BC 2,18,E150,Nicht buchbar,Verfügbar,Lehartrakt,"Lehargasse 4,",BC04H11,https://tiss.tuwien.ac.at/events/roomSchedule.xhtml?roomCode=BC04H11
Hörerlabor BC 3,20,E150,Nicht buchbar,Verfügbar,Lehartrakt,"Lehargasse 4,",BC04H21,https://tiss.tuwien.ac.at/events/roomSchedule.xhtml?roomCode=BC04H21
Hörerlabor BC 4,23,E150,Nicht buchbar,Verfügbar,Lehartrakt,"Lehargasse 4,",BC04H31,https://tiss.tuwien.ac.at/events/roomSchedule.xhtml?roomCode=BC04H31
Hörerlabor BC 5,27,E150,Nicht buchbar,Verfügbar,Lehartrakt,"Lehargasse 4,",BC04H41,https://tiss.tuwien.ac.at/events/roomSchedule.xhtml?roomCode=BC04H41
Hörerlabor BK,62,E150,Nicht buchbar,Verfügbar,Loschmitdt Trakt,"Getreidemarkt 9,",BKU1B03,https://tiss.tuwien.ac.at/events/roomSchedule.xhtml?roomCode=BKU1B03
Hörsaal 14,36,,Zentral,Verfügbar,Hauptgebäude,"Karlsplatz 13, Stiege 3, 3. Stock",AB0302,https://tiss.tuwien.ac.at/events/roomSchedule.xhtml?roomCode=H14
Hörsaal 15,52,,Zentral,Verfügbar,Hauptgebäude,"Karlsplatz 13, Stiege 3, 3. Stock",AB0314,https://tiss.tuwien.ac.at/events/roomSchedule.xhtml?roomCode=H15
Hörsaal 6 - RPL,173,,Zentral,Verfügbar,Hauptgebäude,"Karlsplatz 13, zw. Stiege 2 u. 8",AEEG40,https://tiss.tuwien.ac.at/events/roomSchedule.xhtml?roomCode=H6
Hörsaal AE U1 - 1 - CEE,184,,Zentral,Verfügbar,Hauptgebäude,"Karlsplatz 13,",AEU141,https://tiss.tuwien.ac.at/events/roomSchedule.xhtml?roomCode=AEU141
Imaging MS,3,E150,Nicht buchbar,Verfügbar,Eckbau,"Getreidemarkt 9,",BB04C13,https://tiss.tuwien.ac.at/events/roomSchedule.xhtml?roomCode=BB04C13
InfLab Frogger,25,E199,Lokal,Verfügbar,Institutsgebäude,"Favoritenstraße 9-11, Erdgeschoß",HGEG05,https://tiss.tuwien.ac.at/events/roomSchedule.xhtml?roomCode=HGEG05
InfLab Pong,10,E199,Lokal,Verfügbar,Institutsgebäude,"Favoritenstraße 9-11, Erdgeschoß",HGEG15,https://tiss.tuwien.ac.at/events/roomSchedule.xhtml?roomCode=HGEG15
InfLab Q*bert,25,E199,Lokal,Verfügbar,Institutsgebäude,"Favoritenstraße 9-11, Erdgeschoß",HGEG01A,https://tiss.tuwien.ac.at/events/roomSchedule.xhtml?roomCode=HGEG05A
Informatikhörsaal - ARCH-INF,392,,Zentral,Verfügbar,Institutsgebäude,"Treitlstraße 3, Erdgeschoss",DEU116,https://tiss.tuwien.ac.at/events/roomSchedule.xhtml?roomCode=INFH
Konferenzraum der Fakultät Architektur und Raumplanung,40,E299-01,Lokal,Verfügbar,Hauptgebäude,"Karlsplatz 13, Hauptgebäude, Stiege 6, 4. Stock",AFDG30,https://tiss.tuwien.ac.at/events/roomSchedule.xhtml?roomCode=S1
Labor,7,,Nicht buchbar,Nicht mehr Verfügbar,Institutsgebäude,"Favoritenstraße 9-11,",HCEG13,https://tiss.tuwien.ac.at/events/roomSchedule.xhtml?roomCode=HCEG13
Labor,7,,Lokal & zentral,Verfügbar,Institutsgebäude,"Favoritenstraße 9-11,",HE0250,https://tiss.tuwien.ac.at/events/roomSchedule.xhtml?roomCode=HE0250
Labor - Ofenraum,9,,Nicht buchbar,Nicht mehr Verfügbar,Institutsgebäude,"Favoritenstraße 9-11,",HAEG04,https://tiss.tuwien.ac.at/events/roomSchedule.xhtml?roomCode=HAEG04
Labor 2 des FB MVT und Luftreinhaltetechnik,3,E150,Nicht buchbar,Verfügbar,Loschmitdt Trakt,"Getreidemarkt 9,",BI03A09,https://tiss.tuwien.ac.at/events/roomSchedule.xhtml?roomCode=BI03A09
Labor CC0117,20,,Nicht buchbar,Verfügbar,Gußhausstr. 27-29 - Neu El,"Gußhausstraße 25-29,",CC0117,https://tiss.tuwien.ac.at/events/roomSchedule.xhtml?roomCode=CC0117
Labor CF0141,10,,Nicht buchbar,Verfügbar,Haupttrakt,"Gußhausstraße 25-25a,",CF0141,https://tiss.tuwien.ac.at/events/roomSchedule.xhtml?roomCode=CF0141
Labor DA04A05,4,E325-04,Lokal,Verfügbar,Freihausgebäude,"Wiedner Hauptstraße 8-10,",DA04A05,https://tiss.tuwien.ac.at/events/roomSchedule.xhtml?roomCode=DA04A05
Labor Fördertechnik,5,E307,Lokal,Verfügbar,Lückenbau,"Gumpendorfer Straße 7, erstes Untergeschoss",BDU1D42,https://tiss.tuwien.ac.at/events/roomSchedule.xhtml?roomCode=BD+U1+D42
Labor Mechanische Prüfung,7,,Lokal,Verfügbar,Institutsgebäude,"Getreidemarkt 9,",BFEGG12,https://tiss.tuwien.ac.at/events/roomSchedule.xhtml?roomCode=BFEGG12
Labor Mechanische Prüfung I,6,,Nicht buchbar,Nicht mehr Verfügbar,Institutsgebäude,"Favoritenstraße 9-11,",HAEG09,https://tiss.tuwien.ac.at/events/roomSchedule.xhtml?roomCode=HAEG09
Labor Technische Elektronik (LVA 362.132),18,E362,Nicht buchbar,Verfügbar,ZMNS,"Gußhausstraße 25-25a,",CH0213,https://tiss.tuwien.ac.at/events/roomSchedule.xhtml?roomCode=CH0213
Labor Thermische Analyse I,7,,Lokal,Verfügbar,Institutsgebäude,"Getreidemarkt 9,",BF02G20,https://tiss.tuwien.ac.at/events/roomSchedule.xhtml?roomCode=BF02G20
Labor WM,7,,Nicht buchbar,Nicht mehr Verfügbar,Institutsgebäude,"Favoritenstraße 9-11,",HAEG11,https://tiss.tuwien.ac.at/events/roomSchedule.xhtml?roomCode=HAEG11
Labor WM1,8,,Nicht buchbar,Nicht mehr Verfügbar,Institutsgebäude,"Favoritenstraße 9-11,",HAEG16,https://tiss.tuwien.ac.at/events/roomSchedule.xhtml?roomCode=HAEG16
Labor Übungsraum E370,36,E370,Nicht buchbar,Verfügbar,Haupttrakt,"Gußhausstraße 25-25a, 4. Stock",CF0426,https://tiss.tuwien.ac.at/events/roomSchedule.xhtml?roomCode=CF0426
Laborraum BB01C15,3,E150,Nicht buchbar,Verfügbar,Eckbau,"Getreidemarkt 9,",BB01C15,https://tiss.tuwien.ac.at/events/roomSchedule.xhtml?roomCode=BB01C15
Laborraum BB01C19,3,E150,Nicht buchbar,Verfügbar,Eckbau,"Getreidemarkt 9,",BB01C19,https://tiss.tuwien.ac.at/events/roomSchedule.xhtml?roomCode=BB01C19
Laborraum BB01C23,3,E150,Nicht buchbar,Verfügbar,Eckbau,"Getreidemarkt 9,",BB01C23,https://tiss.tuwien.ac.at/events/roomSchedule.xhtml?roomCode=BB01C23
Laborraum BB02G02,3,E150,Nicht buchbar,Verfügbar,Eckbau,"Getreidemarkt 9,",BB02G02,https://tiss.tuwien.ac.at/events/roomSchedule.xhtml?roomCode=BB02G02
Lernraum Altes GZ,70,E915,Nicht buchbar,Verfügbar,Freihausgebäude,"Wiedner Hauptstraße 8-10,",DCEGD03,https://tiss.tuwien.ac.at/events/roomSchedule.xhtml?roomCode=DCEGD03
Lernraum DEZE11,17,E060-04-1,Nicht buchbar,Verfügbar,Institutsgebäude,"Treitlstraße 3,",DEZE11,https://tiss.tuwien.ac.at/events/roomSchedule.xhtml?roomCode=DEZE11
Lernraum Gußhaus CD0312,16,E060-04-1,Nicht buchbar,Verfügbar,Gußhausstr. 27-29 - Neu El,"Gußhausstraße 25-29,",CD0312,https://tiss.tuwien.ac.at/events/roomSchedule.xhtml?roomCode=CD0312
Lernraum Karlsplatz AHZE03,20,,Nicht buchbar,Verfügbar,Hauptgebäude,"Karlsplatz 13, Stiege 7, ZE",AHZE03,https://tiss.tuwien.ac.at/events/roomSchedule.xhtml?roomCode=AHZE03
Luftpavillon,10,,Lokal,Verfügbar,Hauptgebäude,"Karlsplatz 13,",AIEG01A,https://tiss.tuwien.ac.at/events/roomSchedule.xhtml?roomCode=AIEG01A
Messtechnik Labor,18,,Nicht buchbar,Verfügbar,Gußhausstr. 27-29 - Neu El,"Gußhausstraße 25-29,",CA0406,https://tiss.tuwien.ac.at/events/roomSchedule.xhtml?roomCode=CA0406
Ofenraum,7,,Lokal,Verfügbar,Institutsgebäude,"Getreidemarkt 9,",BF02G10,https://tiss.tuwien.ac.at/events/roomSchedule.xhtml?roomCode=BF02G10
PC1,29,E299-02,Nicht buchbar,Verfügbar,Hauptgebäude,"Karlsplatz 13,",AF0106,https://tiss.tuwien.ac.at/events/roomSchedule.xhtml?roomCode=AF0106
PC2,9,E299-02,Nicht buchbar,Verfügbar,Hauptgebäude,"Karlsplatz 13,",AF0105,https://tiss.tuwien.ac.at/events/roomSchedule.xhtml?roomCode=AF0105
PC3,8,E299-02,Nicht buchbar,Verfügbar,Hauptgebäude,"Karlsplatz 13,",AF0113,https://tiss.tuwien.ac.at/events/roomSchedule.xhtml?roomCode=AF0113
PC4,15,E299-02,Nicht buchbar,Verfügbar,Hauptgebäude,"Karlsplatz 13,",AF0122,https://tiss.tuwien.ac.at/events/roomSchedule.xhtml?roomCode=AF0122
PC5,15,E299-02,Nicht buchbar,Verfügbar,Hauptgebäude,"Karlsplatz 13,",AF0116,https://tiss.tuwien.ac.at/events/roomSchedule.xhtml?roomCode=AF0116
PC6,7,E299-02,Nicht buchbar,Verfügbar,Hauptgebäude,"Karlsplatz 13,",AF0101,https://tiss.tuwien.ac.at/events/roomSchedule.xhtml?roomCode=AF0101
PC7,29,E299-02,Nicht buchbar,Verfügbar,Hauptgebäude,"Karlsplatz 13,",AFEG06,https://tiss.tuwien.ac.at/events/roomSchedule.xhtml?roomCode=AFEG+06
PC8,13,E299-02,Lokal & zentral,Verfügbar,Hauptgebäude,"Karlsplatz 13,",AFEG03,https://tiss.tuwien.ac.at/events/roomSchedule.xhtml?roomCode=AFEG03
Programmier-Labor,54,E360,Lokal,Verfügbar,Haupttrakt,"Gußhausstraße 25-25a,",CFEG47,https://tiss.tuwien.ac.at/events/roomSchedule.xhtml?roomCode=CFEG47
Projektraum 1,20,,Lokal,Verfügbar,Ausweichquatier,"Mattiellistraße 2-4,",XKEG05,https://tiss.tuwien.ac.at/events/roomSchedule.xhtml?roomCode=XKEG05
"Projektraum 13 - Achtung! Werkraum, kein Seminarraum!",35,E299-01,Lokal,Verfügbar,Hauptgebäude,"Karlsplatz 13, Hauptgebäude, Stiege 4, 1. Stock",AC0144,https://tiss.tuwien.ac.at/events/roomSchedule.xhtml?roomCode=ZS13
"Projektraum 14 - Achtung! Werkraum, kein Seminarraum!",25,E299-01,Lokal,Verfügbar,Hauptgebäude,"Karlsplatz 13, Hauptgebäude, Stiege 4, 1. Stock",AC0138,https://tiss.tuwien.ac.at/events/roomSchedule.xhtml?roomCode=ZS14
Projektraum 2,40,,Lokal,Verfügbar,Ausweichquatier,"Mattiellistraße 2-4,",XKEG13,https://tiss.tuwien.ac.at/events/roomSchedule.xhtml?roomCode=XKEG13
"Projektraum 2 - Achtung! Werkraum, kein Seminarraum!",25,E299-01,Lokal,Verfügbar,Hauptgebäude,"Karlsplatz 13, Hauptgebäude, Stiege 4, 3. Stock",AC0324,https://tiss.tuwien.ac.at/events/roomSchedule.xhtml?roomCode=ZS2
"Projektraum 8 - Achtung! Werkraum, kein Seminarraum!",25,E299-01,Lokal,Verfügbar,Hauptgebäude,"Karlsplatz 13, Hauptgebäude, Stiege 4, 3.Stock",AC0329,https://tiss.tuwien.ac.at/events/roomSchedule.xhtml?roomCode=ZS8
Projektraum DAP 1/259,32,E299-01,Lokal,Verfügbar,Hauptgebäude,"Karlsplatz 13,",AC0230,https://tiss.tuwien.ac.at/events/roomSchedule.xhtml?roomCode=AC0230
"Projektraum GBL - 2/253 - Achtung! Werkraum, kein Seminarraum!",20,E299-01,Lokal,Verfügbar,Hauptgebäude,"Karlsplatz 13, Stiege 7",AFDG26,https://tiss.tuwien.ac.at/events/roomSchedule.xhtml?roomCode=2532
Projektraum GSTL - 253-06 - Achtung Werkraum! Kein Seminarraum!,40,E299-01,Lokal,Verfügbar,Hauptgebäude,"Karlsplatz 13,",AF0326,https://tiss.tuwien.ac.at/events/roomSchedule.xhtml?roomCode=AF0326
"Projektraum HB1 - 6/253 - Achtung! Werkraum, kein Seminarraum!",20,E299-01,Lokal,Verfügbar,Hauptgebäude,"Karlsplatz 13,",AFDG10,https://tiss.tuwien.ac.at/events/roomSchedule.xhtml?roomCode=S6
"Projektraum HB2 - 7/253 - Achtung! Werkraum, kein Seminarraum!",20,E299-01,Lokal,Verfügbar,Hauptgebäude,"Karlsplatz 13, Stiege 7",AFDG06,https://tiss.tuwien.ac.at/events/roomSchedule.xhtml?roomCode=2537
"Projektraum RG - 4/253 - Achtung! Werkraum, kein Seminarraum!",20,E299-01,Lokal,Verfügbar,Hauptgebäude,"Karlsplatz 13, Stiege 7, Dachgeschoß",AFDG18,https://tiss.tuwien.ac.at/events/roomSchedule.xhtml?roomCode=2534
"Projektraum STB - 5/260 - Achtung! Werkraum, kein Seminarraum!",20,E299-01,Lokal,Verfügbar,Hauptgebäude,"Karlsplatz 13, Stiege 7",AFDG14,https://tiss.tuwien.ac.at/events/roomSchedule.xhtml?roomCode=5260
"Projektraum WB - 3/253 - Achtung! Werkraum, kein Seminarraum!",20,E299-01,Lokal,Verfügbar,Hauptgebäude,"Karlsplatz 13, Stiege 7",AFDG22,https://tiss.tuwien.ac.at/events/roomSchedule.xhtml?roomCode=2533
Raum Madsen,5,,Lokal,Verfügbar,Lehartrakt,"Lehargasse 4,",BC01A50,https://tiss.tuwien.ac.at/events/roomSchedule.xhtml?roomCode=BC01A50
Raumlabor,20,E253-03,Nicht buchbar,Verfügbar,Hauptgebäude,"Karlsplatz 13,",ACEG12,https://tiss.tuwien.ac.at/events/roomSchedule.xhtml?roomCode=ACEG12
Sem 389,30,E389,Lokal,Verfügbar,Haupttrakt,"Gußhausstraße 25-25a, 1. Stock",CG0118,https://tiss.tuwien.ac.at/events/roomSchedule.xhtml?roomCode=CG0118
Sem.R. DA grün 02 A - GEO,44,,Zentral,Verfügbar,Freihausgebäude,"Wiedner Hauptstraße 8-10,",DA02E08,https://tiss.tuwien.ac.at/events/roomSchedule.xhtml?roomCode=DA02E08
Sem.R. DA grün 02 B - GEO,40,,Zentral,Verfügbar,Freihausgebäude,"Wiedner Hauptstraße 8-10, grüner Bereich, 2. OG",DA02F16,https://tiss.tuwien.ac.at/events/roomSchedule.xhtml?roomCode=DA02F16
Sem.R. DA grün 02 C - GEO,20,,Zentral,Verfügbar,Freihausgebäude,"Wiedner Hauptstraße 8-10, , Turm A, grüner Bereich, 2. OG",DA02F20,https://tiss.tuwien.ac.at/events/roomSchedule.xhtml?roomCode=DA02F20
Sem.R. DA grün 03 A,48,,Zentral,Verfügbar,Freihausgebäude,"Wiedner Hauptstraße 8-10, Turm A, grüner Bereich, 3. OG",DA03A15,https://tiss.tuwien.ac.at/events/roomSchedule.xhtml?roomCode=101A
Sem.R. DA grün 03 B,32,,Zentral,Verfügbar,Freihausgebäude,"Wiedner Hauptstraße 8-10, Turm A, grüner Bereich, 3. OG",DA03E10,https://tiss.tuwien.ac.at/events/roomSchedule.xhtml?roomCode=101B
Sem.R. DA grün 04,30,,Zentral,Verfügbar,Freihausgebäude,"Wiedner Hauptstraße 8-10, Turm A, grüner Bereich, 4. OG",DA04E10,https://tiss.tuwien.ac.at/events/roomSchedule.xhtml?roomCode=101C
Sem.R. DA grün 05,60,,Zentral,Verfügbar,Freihausgebäude,"Wiedner Hauptstraße 8-10, Turm A, grüner Bereich, 5. OG",DA05E10,https://tiss.tuwien.ac.at/events/roomSchedule.xhtml?roomCode=104
Sem.R. DA grün 06A,30,,Zentral,Verfügbar,Freihausgebäude,"Wiedner Hauptstraße 8-10, Turm A, grüner Bereich, 6. OG",DA06E10,https://tiss.tuwien.ac.at/events/roomSchedule.xhtml?roomCode=107
Sem.R. DA grün 06B,16,E101,Lokal,Verfügbar,Freihausgebäude,"Wiedner Hauptstraße 8-10, Turm A, grüner Bereich, 6. OG",DA06G10,https://tiss.tuwien.ac.at/events/roomSchedule.xhtml?roomCode=1016
Sem.R. DB gelb 03,30,,Zentral,Verfügbar,Freihausgebäude,"Wiedner Hauptstraße 8-10, Turm B, gelber Bereich, 3. OG",DB03E11,https://tiss.tuwien.ac.at/events/roomSchedule.xhtml?roomCode=325%2F2
Sem.R. DB gelb 04,30,,Zentral,Verfügbar,Freihausgebäude,"Wiedner Hauptstraße 8-10, Turm B, gelber Bereich, 4.OG",DB04E11,https://tiss.tuwien.ac.at/events/roomSchedule.xhtml?roomCode=105A
Sem.R. DB gelb 05 A,30,,Zentral,Verfügbar,Freihausgebäude,"Wiedner Hauptstraße 8-10, Turm B, gelber Bereich, 5. OG",DB05E11,https://tiss.tuwien.ac.at/events/roomSchedule.xhtml?roomCode=134
Sem.R. DB gelb 05 B,24,E134,Lokal,Verfügbar,Freihausgebäude,"Wiedner Hauptstraße 8-10, Turm B, gelber Bereich, 5. OG",DB05L03,https://tiss.tuwien.ac.at/events/roomSchedule.xhtml?roomCode=134A
Sem.R. DB gelb 07,30,,Zentral,Verfügbar,Freihausgebäude,"Wiedner Hauptstraße 8-10, Turm B, gelber Bereich, 7. OG",DB07E11,https://tiss.tuwien.ac.at/events/roomSchedule.xhtml?roomCode=138A
Sem.R. DB gelb 09,29,,Zentral,Verfügbar,Freihausgebäude,"Wiedner Hauptstraße 8-10, Turm B, gelber Bereich, 9. OG",DB09E23,https://tiss.tuwien.ac.at/events/roomSchedule.xhtml?roomCode=138C
Sem.R. DB gelb 10,29,,Zentral,Verfügbar,Freihausgebäude,"Wiedner Hauptstraße 8-10, Turm B, gelber Bereich, 10. OG",DB10E11,https://tiss.tuwien.ac.at/events/roomSchedule.xhtml?roomCode=136
Sem.R. DC rot 07,22,,Zentral,Verfügbar,Freihausgebäude,"Wiedner Hauptstraße 8-10, Turm C, roter Bereich, 7. OG",DC07A15,https://tiss.tuwien.ac.at/events/roomSchedule.xhtml?roomCode=138B
Seminarraum 1,54,E249-01,Lokal,Verfügbar,"Arsenal, Obj. 236","Lilienthalgasse 14,",OC01I27,https://tiss.tuwien.ac.at/events/roomSchedule.xhtml?roomCode=OC+01+I27
Seminarraum 107/1,24,E060-04-1,Zentral,Verfügbar,Goldenes Lamm,"Wiedner Hauptstraße 7,",AP0107,https://tiss.tuwien.ac.at/events/roomSchedule.xhtml?roomCode=1071
Seminarraum 127,34,,Zentral,Verfügbar,Gußhausstr. 27-29 - Neu El,"Gußhausstraße 25-29, Stiege 1",CD0324,https://tiss.tuwien.ac.at/events/roomSchedule.xhtml?roomCode=123
Seminarraum 2,66,E249-01,Lokal,Verfügbar,"Arsenal, Obj. 236","Lilienthalgasse 14,",OC01H23,https://tiss.tuwien.ac.at/events/roomSchedule.xhtml?roomCode=OC+01+H23
Seminarraum 3,34,E249-01,Lokal,Verfügbar,"Arsenal, Obj. 236","Lilienthalgasse 14,",OC01E23,https://tiss.tuwien.ac.at/events/roomSchedule.xhtml?roomCode=OC+01+E23
Seminarraum 362 - 1,36,,Zentral,Verfügbar,ZMNS,"Gußhausstraße 25-25a,",CH0236,https://tiss.tuwien.ac.at/events/roomSchedule.xhtml?roomCode=CH0236
Seminarraum 363,36,E363,Lokal,Verfügbar,Gußhausstr. 27-29 - Neu El,"Gußhausstraße 25-29, Stiege 1",CA0138,https://tiss.tuwien.ac.at/events/roomSchedule.xhtml?roomCode=351
Seminarraum 366,36,E366,Lokal,Verfügbar,Gußhausstr. 27-29 - Neu El,"Gußhausstraße 25-29, Stiege 3",CC0321,https://tiss.tuwien.ac.at/events/roomSchedule.xhtml?roomCode=122
Seminarraum 384,36,,Zentral,Verfügbar,Gußhausstr. 27-29 - Neu El,"Gußhausstraße 25-29,",CD0204,https://tiss.tuwien.ac.at/events/roomSchedule.xhtml?roomCode=CD0204
Seminarraum 387,30,E387,Lokal,Verfügbar,Gußhausstr. 27-29 - Neu El,"Gußhausstraße 25-29, Stiege 2, Erdgeschoß",CBEG02,https://tiss.tuwien.ac.at/events/roomSchedule.xhtml?roomCode=387
Seminarraum 8,20,,Zentral,Verfügbar,Hauptgebäude,"Karlsplatz 13, Hof 2, Stiege 7, ebenerdig",AHEG05,https://tiss.tuwien.ac.at/events/roomSchedule.xhtml?roomCode=2503
Seminarraum AA 02 – 1,35,,Zentral,Verfügbar,Hauptgebäude,"Karlsplatz 13, Hauptgebäude, Stiege1, 2. Stock",AA0241,https://tiss.tuwien.ac.at/events/roomSchedule.xhtml?roomCode=ZS15
Seminarraum AA 03 - 1 - CEE,50,,Zentral,Verfügbar,Hauptgebäude,"Karlsplatz 13,",AA0352,https://tiss.tuwien.ac.at/events/roomSchedule.xhtml?roomCode=AA0352
Seminarraum AC 02 - 1 - UIW,36,E629,Zentral,Verfügbar,Hauptgebäude,"Karlsplatz 13, Karlsplatz 13, 2. Stock, Stiege 5",AC0246,https://tiss.tuwien.ac.at/events/roomSchedule.xhtml?roomCode=AC0246
Seminarraum AC 02 - 2,36,E629,Zentral,Verfügbar,Hauptgebäude,"Karlsplatz 13, Karlsplatz 13, 2. Stock, Stiege 5",AC0240,https://tiss.tuwien.ac.at/events/roomSchedule.xhtml?roomCode=AC0240
Seminarraum AC 03 - 1,29,E060-04-1,Zentral,Verfügbar,Hauptgebäude,"Karlsplatz 13,",AC0340,https://tiss.tuwien.ac.at/events/roomSchedule.xhtml?roomCode=AC0340
Seminarraum AC0440,50,E264,Lokal,Verfügbar,Hauptgebäude,"Karlsplatz 13, 4. OG",AC0440,https://tiss.tuwien.ac.at/events/roomSchedule.xhtml?roomCode=AC0440
Seminarraum AD 03 - 1,46,E222,Lokal,Verfügbar,Hauptgebäude,"Karlsplatz 13, Stiege 5",AD0309,https://tiss.tuwien.ac.at/events/roomSchedule.xhtml?roomCode=222
Seminarraum AE U1 - 1,24,,Zentral,Verfügbar,Hauptgebäude,"Karlsplatz 13,",AEU103,https://tiss.tuwien.ac.at/events/roomSchedule.xhtml?roomCode=AEU103
Seminarraum AE U1 - 2,26,,Zentral,Verfügbar,Hauptgebäude,"Karlsplatz 13,",AEU107,https://tiss.tuwien.ac.at/events/roomSchedule.xhtml?roomCode=AEU107
Seminarraum AE U1 - 3,24,,Zentral,Verfügbar,Hauptgebäude,"Karlsplatz 13,",AEU115,https://tiss.tuwien.ac.at/events/roomSchedule.xhtml?roomCode=AEU115
Seminarraum AE U1 - 4,40,,Zentral,Verfügbar,Hauptgebäude,"Karlsplatz 13,",AEU119,https://tiss.tuwien.ac.at/events/roomSchedule.xhtml?roomCode=AEU119
Seminarraum AE U1 - 5,40,,Zentral,Verfügbar,Hauptgebäude,"Karlsplatz 13,",AEU125,https://tiss.tuwien.ac.at/events/roomSchedule.xhtml?roomCode=AEU125
Seminarraum AE U1 - 6,24,,Zentral,Verfügbar,Hauptgebäude,"Karlsplatz 13,",AEU131,https://tiss.tuwien.ac.at/events/roomSchedule.xhtml?roomCode=AEU131
Seminarraum AE U1 - 7,52,,Zentral,Verfügbar,Hauptgebäude,"Karlsplatz 13,",AEU140,https://tiss.tuwien.ac.at/events/roomSchedule.xhtml?roomCode=AEU140
Seminarraum AEEG-1,25,E234,Lokal,Verfügbar,Hauptgebäude,"Karlsplatz 13, Stiege 2",AEEG25,https://tiss.tuwien.ac.at/events/roomSchedule.xhtml?roomCode=234
Seminarraum AF 02 - 1 CEE,24,,Zentral,Verfügbar,Hauptgebäude,"Karlsplatz 13,",AF0222,https://tiss.tuwien.ac.at/events/roomSchedule.xhtml?roomCode=AF0222
Seminarraum AF 02 - 2 CEE,24,,Zentral,Verfügbar,Hauptgebäude,"Karlsplatz 13,",AF0228,https://tiss.tuwien.ac.at/events/roomSchedule.xhtml?roomCode=AF0228
Seminarraum AF 03-1,24,E260-02,Lokal,Verfügbar,Hauptgebäude,"Karlsplatz 13,",AF0312,https://tiss.tuwien.ac.at/events/roomSchedule.xhtml?roomCode=AF0312
Seminarraum Argentinierstrasse,50,,Zentral,Verfügbar,Institutsgebäude,"Argentinierstraße 8, Argentinierstrasse 8 od. Paniglgasse, EG",EAEG06,https://tiss.tuwien.ac.at/events/roomSchedule.xhtml?roomCode=ARG
Seminarraum BA 02A,36,,Zentral,Verfügbar,Plus Energie Büro Hochhaus,"Getreidemarkt 9, Bauteil BA Hochhaus, 2.OG",BA02G02,https://tiss.tuwien.ac.at/events/roomSchedule.xhtml?roomCode=SEM+BA+02A
Seminarraum BA 02B,70,,Zentral,Verfügbar,Plus Energie Büro Hochhaus,"Getreidemarkt 9, Bauteil BA Hochhaus, 2.OG",BA02A17,https://tiss.tuwien.ac.at/events/roomSchedule.xhtml?roomCode=SEM+BA+02B
Seminarraum BA 02C,22,,Zentral,Verfügbar,Plus Energie Büro Hochhaus,"Getreidemarkt 9, Bauteil BA Hochhaus, 2.OG",BA02G08,https://tiss.tuwien.ac.at/events/roomSchedule.xhtml?roomCode=SEM+BA+02C
Seminarraum BA 03/ Prüfungszimmer Dekanat,10,,Nicht buchbar,Nicht mehr Verfügbar,Plus Energie Büro Hochhaus,"Getreidemarkt 9,",BA03D13,https://tiss.tuwien.ac.at/events/roomSchedule.xhtml?roomCode=BA03+D13
Seminarraum BA 05 - MB,40,,Zentral,Verfügbar,Plus Energie Büro Hochhaus,"Getreidemarkt 9, Bauteil BA Hochhaus, 5.OG",BA05G02,https://tiss.tuwien.ac.at/events/roomSchedule.xhtml?roomCode=SEM+BA+05
Seminarraum BA 08A - MB,40,,Zentral,Verfügbar,Plus Energie Büro Hochhaus,"Getreidemarkt 9, Bauteil BA Hochhaus, 8.OG",BA08G02,https://tiss.tuwien.ac.at/events/roomSchedule.xhtml?roomCode=SEM+BA+08A
Seminarraum BA 08B - MB,30,,Zentral,Verfügbar,Plus Energie Büro Hochhaus,"Getreidemarkt 9, Bauteil BA Hochhaus, 8.OG",BA08G08,https://tiss.tuwien.ac.at/events/roomSchedule.xhtml?roomCode=SEM+BA+08B
Seminarraum BA 10B - MB,30,,Zentral,Verfügbar,Plus Energie Büro Hochhaus,"Getreidemarkt 9, Bauteil BA Hochhaus, 10.OG",BA10G08,https://tiss.tuwien.ac.at/events/roomSchedule.xhtml?roomCode=SR+BA+10B
Seminarraum BD 02C,18,,Zentral,Verfügbar,Hoftrakt,"Lehargasse 6, Bauteil BD Hoftrakt,2.OG",BD02G28,https://tiss.tuwien.ac.at/events/roomSchedule.xhtml?roomCode=SEM+BD+02C
Seminarraum BD 03,24,,Zentral,Verfügbar,Hoftrakt,"Lehargasse 6, Bauteil BD Hoftrakt, 3.OG",BD03G28,https://tiss.tuwien.ac.at/events/roomSchedule.xhtml?roomCode=307A
Seminarraum BE 01,25,E317,Nicht buchbar,Verfügbar,Lückenbau,"Gumpendorfer Straße 7, Bauteil BE Lückenbau, 1.OG",BE0108,https://tiss.tuwien.ac.at/events/roomSchedule.xhtml?roomCode=SEMBE02
Seminarraum BH 03 Biotechnologie,10,E166,Lokal,Verfügbar,Institutsgebäude,"Gumpendorfer Straße 1a, Bauteil BH Gumpendorferstr., EG",BH03F06,https://tiss.tuwien.ac.at/events/roomSchedule.xhtml?roomCode=166S-5
Seminarraum BH Biosciences,25,E166,Lokal,Verfügbar,Institutsgebäude,"Gumpendorfer Straße 1a, Bauteil BH Gumpendorferstr., EG",BHEGD16,https://tiss.tuwien.ac.at/events/roomSchedule.xhtml?roomCode=1665
Seminarraum CA0322 (Ersatz Proj.-Raum 15),36,,Lokal & zentral,Verfügbar,Gußhausstr. 27-29 - Neu El,"Gußhausstraße 25-29,",CA0322,https://tiss.tuwien.ac.at/events/roomSchedule.xhtml?roomCode=CA0322
Seminarraum CF 01 53,20,,Zentral,Verfügbar,Haupttrakt,"Gußhausstraße 25-25a,",CF0153,https://tiss.tuwien.ac.at/events/roomSchedule.xhtml?roomCode=CF+01+53
Seminarraum CHEG - ETIT,30,,Zentral,Verfügbar,ZMNS,"Gußhausstraße 25-25a,",CHEG34,https://tiss.tuwien.ac.at/events/roomSchedule.xhtml?roomCode=CHEG34
Seminarraum DE0110,30,E191,Lokal,Verfügbar,Institutsgebäude,"Treitlstraße 3,",DE0110,https://tiss.tuwien.ac.at/events/roomSchedule.xhtml?roomCode=DE0110
Seminarraum EB EG-1 - RPL,12,,Zentral,Verfügbar,Institutsgebäude,"Karlsgasse 11,",EBEG03,https://tiss.tuwien.ac.at/events/roomSchedule.xhtml?roomCode=EBEG03
Seminarraum EBEG-2 - RPL,32,,Zentral,Verfügbar,Institutsgebäude,"Karlsgasse 11,",EBEG09,https://tiss.tuwien.ac.at/events/roomSchedule.xhtml?roomCode=EBEG09
Seminarraum EBEG-3 - RPL,30,,Zentral,Verfügbar,Institutsgebäude,"Karlsgasse 11,",EBEG20,https://tiss.tuwien.ac.at/events/roomSchedule.xhtml?roomCode=EBEG20
Seminarraum EBU1-1 - RPL,16,,Zentral,Verfügbar,Institutsgebäude,"Karlsgasse 11,",EBU103,https://tiss.tuwien.ac.at/events/roomSchedule.xhtml?roomCode=EBU103
Seminarraum EBU1-2 - RPL,30,,Zentral,Verfügbar,Institutsgebäude,"Karlsgasse 11,",EBU109,https://tiss.tuwien.ac.at/events/roomSchedule.xhtml?roomCode=EBU109
Seminarraum EBU1-3 - RPL,18,,Zentral,Verfügbar,Institutsgebäude,"Karlsgasse 11,",EBU120,https://tiss.tuwien.ac.at/events/roomSchedule.xhtml?roomCode=EBU120
Seminarraum FAV 01 A (Seminarraum 183/2),22,,Zentral,Verfügbar,Institutsgebäude,"Favoritenstraße 9-11, 1. Obergeschoß",HE0102,https://tiss.tuwien.ac.at/events/roomSchedule.xhtml?roomCode=1832
Seminarraum FAV 01 B (Seminarraum 187/2),26,,Zentral,Verfügbar,Institutsgebäude,"Favoritenstraße 9-11, 1. Obergeschoß",HF0109,https://tiss.tuwien.ac.at/events/roomSchedule.xhtml?roomCode=1872
Seminarraum FAV 01 C (Seminarraum 188/2),30,,Zentral,Verfügbar,Institutsgebäude,"Favoritenstraße 9-11, 1. Obergeschoß",HE0108,https://tiss.tuwien.ac.at/events/roomSchedule.xhtml?roomCode=1882
Seminarraum FAV 05 (Seminarraum 186),36,E193,Lokal & zentral,Verfügbar,Institutsgebäude,"Favoritenstraße 9-11, 5. Obergeschoß",HA0503,https://tiss.tuwien.ac.at/events/roomSchedule.xhtml?roomCode=186
Seminarraum FAV EG B (Seminarraum von Neumann),25,E192,Lokal & zentral,Verfügbar,Institutsgebäude,"Favoritenstraße 9-11, Erdgeschoß",HBEG16,https://tiss.tuwien.ac.at/events/roomSchedule.xhtml?roomCode=SEMN
Seminarraum FAV EG C (Seminarraum Gödel),30,E192,Lokal & zentral,Verfügbar,Institutsgebäude,"Favoritenstraße 9-11, Erdgeschoß",HBEG10,https://tiss.tuwien.ac.at/events/roomSchedule.xhtml?roomCode=SEMG
Seminarraum Lehar 01,20,E165,Lokal & zentral,Verfügbar,Lehartrakt,"Lehargasse 4, Bauteil BC Lehartrakt, 1.OG",BC01A46,https://tiss.tuwien.ac.at/events/roomSchedule.xhtml?roomCode=Lehar+01
Seminarraum Lehar 02,20,E165,Lokal & zentral,Verfügbar,Lehartrakt,"Lehargasse 4, Bauteil BC Lehartrakt, 2.OG",BC02A46,https://tiss.tuwien.ac.at/events/roomSchedule.xhtml?roomCode=Lehar+02
Seminarraum Lehar 03,20,E163,Lokal & zentral,Verfügbar,Lehartrakt,"Lehargasse 4, Bauteil BC Lehartrakt, 3.OG",BC03A46,https://tiss.tuwien.ac.at/events/roomSchedule.xhtml?roomCode=1633
Seminarraum Lehar EG,18,E164,Lokal,Verfügbar,Lehartrakt,"Lehargasse 4, Bauteil BC Lehartrakt, EG",BCEGA36,https://tiss.tuwien.ac.at/events/roomSchedule.xhtml?roomCode=LeharEG
Seminarraum O221-1,25,,Zentral,Verfügbar,Objekt 221,"Franz-Grill-Straße 2-4,",OAEGC11,https://tiss.tuwien.ac.at/events/roomSchedule.xhtml?roomCode=OAEGC11
Seminarraum O221-2,25,,Zentral,Verfügbar,Objekt 221,"Franz-Grill-Straße 2-4,",OAEGC45,https://tiss.tuwien.ac.at/events/roomSchedule.xhtml?roomCode=OAEGC45
Seminarraum OD 01 - 1,23,E249-01,Lokal,Verfügbar,Arsenal OD,"Lilienthalgasse 21,",OD0122,https://tiss.tuwien.ac.at/events/roomSchedule.xhtml?roomCode=OD0122
Seminarraum Techn. Informatik,30,E193,Lokal,Verfügbar,Institutsgebäude,"Treitlstraße 3, ZUGANG ÜBER OPERNGASSE 9, Erdgeschoß",DEEG39,https://tiss.tuwien.ac.at/events/roomSchedule.xhtml?roomCode=SETI
Seminarraum ZE 01 - 1,30,,Zentral,Verfügbar,Stadionallee 2 Neubau,"Stadionallee 2,",ZE0105,https://tiss.tuwien.ac.at/events/roomSchedule.xhtml?roomCode=ZE0105
Studentenlabor,7,,Lokal,Verfügbar,Institutsgebäude,"Getreidemarkt 9,",BF02C23,https://tiss.tuwien.ac.at/events/roomSchedule.xhtml?roomCode=BF02C23
TILab Raum 1,9,E199,Nicht buchbar,Verfügbar,Institutsgebäude,"Treitlstraße 3,",DEZE24,https://tiss.tuwien.ac.at/events/roomSchedule.xhtml?roomCode=DE+ZE+24
TILab Raum 2,9,E199,Nicht buchbar,Verfügbar,Institutsgebäude,"Treitlstraße 3,",DEZE32,https://tiss.tuwien.ac.at/events/roomSchedule.xhtml?roomCode=DE+ZE+32
TILab Raum 3,9,E199,Nicht buchbar,Verfügbar,Institutsgebäude,"Treitlstraße 3,",DEZE40,https://tiss.tuwien.ac.at/events/roomSchedule.xhtml?roomCode=DE+ZE+40
TILab Raum 4,11,E199,Nicht buchbar,Verfügbar,Institutsgebäude,"Treitlstraße 3,",DEZE64,https://tiss.tuwien.ac.at/events/roomSchedule.xhtml?roomCode=DE+ZE+64
TILab Raum 5,3,E199,Nicht buchbar,Verfügbar,Institutsgebäude,"Treitlstraße 3,",DEZE72,https://tiss.tuwien.ac.at/events/roomSchedule.xhtml?roomCode=DE+ZE+72
TU.it Internet-Raum FH1,23,E020,Nicht buchbar,Verfügbar,Freihausgebäude,"Wiedner Hauptstraße 8-10,",DCEGD19,https://tiss.tuwien.ac.at/events/roomSchedule.xhtml?roomCode=DCEGD19
TU.it Internet-Raum GM1 PC Labor,17,E020-02-3,Nicht buchbar,Verfügbar,Plus Energie Büro Hochhaus,"Getreidemarkt 9, BA UG",BAU162,https://tiss.tuwien.ac.at/events/roomSchedule.xhtml?roomCode=BAU162
TU.it Schulungsraum,12,E020,Nicht buchbar,Verfügbar,Freihausgebäude,"Wiedner Hauptstraße 8-10,",DCEGJ15,https://tiss.tuwien.ac.at/events/roomSchedule.xhtml?roomCode=DCEGJ15
TVFA Halle - Achtung! Ausstellungsraum/Werkraum,300,E299-01,Lokal,Verfügbar,Erzherzog-Johann-Pl. 1,"Erzherzog-Johann-Platz 1,",FCEG14H,https://tiss.tuwien.ac.at/events/roomSchedule.xhtml?roomCode=FCEG14H
Theresianumgasse HS 1 - MWB,67,,Zentral,Verfügbar,Außenstandort,"Theresianumgasse 27,",QA0101,https://tiss.tuwien.ac.at/events/roomSchedule.xhtml?roomCode=THE1
Theresianumgasse HS 2,21,E330,Lokal,Verfügbar,Außenstandort,"Theresianumgasse 27,",QA0107,https://tiss.tuwien.ac.at/events/roomSchedule.xhtml?roomCode=THE2
Verfahrenstechnik Technikum,12,E150,Nicht buchbar,Verfügbar,Eckbau,"Getreidemarkt 9,",BBU1L17,https://tiss.tuwien.ac.at/events/roomSchedule.xhtml?roomCode=BBU1L17
Vortragsraum Konstruktionslehre,8,E307,Lokal,Verfügbar,Hoftrakt,"Lehargasse 6, 4. Obergeschoss",BD04B33,https://tiss.tuwien.ac.at/events/roomSchedule.xhtml?roomCode=BD+04+B33
Werkstatt,7,,Lokal & zentral,Verfügbar,Institutsgebäude,"Favoritenstraße 9-11,",HIEG08,https://tiss.tuwien.ac.at/events/roomSchedule.xhtml?roomCode=HIEG08
Werkstoffelabor,12,,Nicht buchbar,Verfügbar,Gußhausstr. 27-29 - Neu El,"Gußhausstraße 25-29,",CD0104,https://tiss.tuwien.ac.at/events/roomSchedule.xhtml?roomCode=CD0104
Zeichensaal 1,40,E100,Lokal,Verfügbar,Freihausgebäude,"Wiedner Hauptstraße 8-10,",DA08E10,https://tiss.tuwien.ac.at/events/roomSchedule.xhtml?roomCode=DA+08+E10
Zeichensaal 3,80,E100,Lokal,Verfügbar,Freihausgebäude,"Wiedner Hauptstraße 8-10,",DA07A05,https://tiss.tuwien.ac.at/events/roomSchedule.xhtml?roomCode=DA07A05
Zeichensaal CF0335,20,,Nicht buchbar,Verfügbar,Haupttrakt,"Gußhausstraße 25-25a,",CF0335,https://tiss.tuwien.ac.at/events/roomSchedule.xhtml?roomCode=CF0335
Zentralgarderobe BIU1,218,E150,Nicht buchbar,Verfügbar,Loschmitdt Trakt,"Getreidemarkt 9,",BIU1G18,https://tiss.tuwien.ac.at/events/roomSchedule.xhtml?roomCode=BIU1G18
complang-Labor,26,E194,Nicht buchbar,Verfügbar,Institutsgebäude,"Argentinierstraße 8,",EAEG19,https://tiss.tuwien.ac.at/events/roomSchedule.xhtml?roomCode=EAEG+19
