AFM;3;E150;Nicht buchbar;Verfügbar;Eckbau;Getreidemarkt 9,;BB04C01;https://tiss.tuwien.ac.at/events/roomSchedule.xhtml?roomCode=BB04C01
Abgabegespräche für das Labor der VU Communication Networks 2;40;;Nicht buchbar;Verfügbar;Haupttrakt;Gußhausstraße 25-25a,;CF0305;https://tiss.tuwien.ac.at/events/roomSchedule.xhtml?roomCode=CF0305
Analytische Chemie Hörerlabor links;32;E150;Nicht buchbar;Verfügbar;Eckbau;Getreidemarkt 9,;BB05C01;https://tiss.tuwien.ac.at/events/roomSchedule.xhtml?roomCode=BB05C01
Analytische Chemie Hörerlabor rechts;32;E150;Nicht buchbar;Verfügbar;Eckbau;Getreidemarkt 9,;BB05C17;https://tiss.tuwien.ac.at/events/roomSchedule.xhtml?roomCode=BB05C17
Anorganische Spurenalanlytik;3;E150;Nicht buchbar;Verfügbar;Eckbau;Getreidemarkt 9,;BB04C23;https://tiss.tuwien.ac.at/events/roomSchedule.xhtml?roomCode=BB04C23
Atominstitut Bibliothek;25;E141;Lokal;Verfügbar;Atominstitut;Stadionallee 2, 1. Stock, links;ZA0115;https://tiss.tuwien.ac.at/events/roomSchedule.xhtml?roomCode=ATIB
Aufbaulabor - Achtung! Werkraum, kein Hörsaal!;120;E299-01;Lokal;Verfügbar;Hauptgebäude;Karlsplatz 13, Hauptgebäude, Stiege 7, 1.Stock;AH0105;https://tiss.tuwien.ac.at/events/roomSchedule.xhtml?roomCode=ABL
BI EDV-Lehrraum;30;E249;Nicht buchbar;Verfügbar;Hauptgebäude;Karlsplatz 13,;AE0138;https://tiss.tuwien.ac.at/events/roomSchedule.xhtml?roomCode=AE0138
BI Sitzungszimmer;20;E249;Nicht buchbar;Verfügbar;Hauptgebäude;Karlsplatz 13,;AE0144;https://tiss.tuwien.ac.at/events/roomSchedule.xhtml?roomCode=AE0144
Besprechung O214 - 1;14;;Zentral;Verfügbar;ARSENAL Objekt 214;Franz-Grill-Straße 9,;OZEG43;https://tiss.tuwien.ac.at/events/roomSchedule.xhtml?roomCode=OZEG43
Besprechung O214 - 2;12;;Zentral;Nicht mehr Verfügbar;ARSENAL Objekt 214;Franz-Grill-Straße 9,;OZEG33;https://tiss.tuwien.ac.at/events/roomSchedule.xhtml?roomCode=OZEG33
Besprechungsraum 01;5;;Lokal;Verfügbar;Lehartrakt;Lehargasse 4,;BC01A04;https://tiss.tuwien.ac.at/events/roomSchedule.xhtml?roomCode=BC01A04
Besprechungsraum 362 - 2;12;E362;Nicht buchbar;Verfügbar;ZMNS;Gußhausstraße 25-25a,;CH0205B;https://tiss.tuwien.ac.at/events/roomSchedule.xhtml?roomCode=CH0205B
Besprechungsraum Galerie;14;E629;Zentral;Verfügbar;Institutsgebäude;Argentinierstraße 8, Argentinierstrasse 8, 1. Stock;EAZE04;https://tiss.tuwien.ac.at/events/roomSchedule.xhtml?roomCode=BRG
Besprechungsraum Kuppel;8;E629;Zentral;Verfügbar;Institutsgebäude;Argentinierstraße 8, Argentienerstraße 8, EG;EAEG05A;https://tiss.tuwien.ac.at/events/roomSchedule.xhtml?roomCode=BRK
Bibliothek E354;20;;Nicht buchbar;Verfügbar;Haupttrakt;Gußhausstraße 25-25a, Gußhausstraße 25;CF0117;https://tiss.tuwien.ac.at/events/roomSchedule.xhtml?roomCode=CF0117
Bibliothek E363;20;E363;Lokal;Verfügbar;Gußhausstr. 27-29 - Neu El;Gußhausstraße 25-29,;CB0115;https://tiss.tuwien.ac.at/events/roomSchedule.xhtml?roomCode=CB0115
Bioreaktorlabor;3;E150;Nicht buchbar;Verfügbar;Institutsgebäude;Gumpendorfer Straße 1a,;BHEGE06;https://tiss.tuwien.ac.at/events/roomSchedule.xhtml?roomCode=BHEGE06
Bombardier Hörsaal;67;;Zentral;Verfügbar;Außenstandort;Theresianumgasse 27,;QA0101;https://tiss.tuwien.ac.at/events/roomSchedule.xhtml?roomCode=THE1
Büro;3;;Nicht buchbar;Verfügbar;Lehartrakt;Lehargasse 4,;BCEGA12;https://tiss.tuwien.ac.at/events/roomSchedule.xhtml?roomCode=BCEGA12
Büro;15;;Lokal & zentral;Verfügbar;Institutsgebäude;Favoritenstraße 9-11,;HCEG03;https://tiss.tuwien.ac.at/events/roomSchedule.xhtml?roomCode=HCEG03
Büro Birner-Grünberger;3;;Nicht buchbar;Verfügbar;Geniegebäude;Getreidemarkt 9,;BZ0101;https://tiss.tuwien.ac.at/events/roomSchedule.xhtml?roomCode=BZ0101
Büro Bösendorfer;5;;Nicht buchbar;Verfügbar;Geniegebäude;Getreidemarkt 9,;BZ0231;https://tiss.tuwien.ac.at/events/roomSchedule.xhtml?roomCode=BZ0231
Büro Eder;3;;Nicht buchbar;Verfügbar;Lehartrakt;Lehargasse 4,;BC02A38;https://tiss.tuwien.ac.at/events/roomSchedule.xhtml?roomCode=BC02A38
Büro Enev;3;;Nicht buchbar;Verfügbar;Loschmitdt Trakt;Getreidemarkt 9,;BIEGB07;https://tiss.tuwien.ac.at/events/roomSchedule.xhtml?roomCode=BIEGB07
Büro Gärtner;3;;Nicht buchbar;Verfügbar;Loschmitdt Trakt;Getreidemarkt 9,;BI02A17;https://tiss.tuwien.ac.at/events/roomSchedule.xhtml?roomCode=BI02A17
Büro Haddadi Sisakht;5;;Nicht buchbar;Verfügbar;Loschmitdt Trakt;Getreidemarkt 9,;BI03A03;https://tiss.tuwien.ac.at/events/roomSchedule.xhtml?roomCode=BI03A03
Büro Harasek;5;;Nicht buchbar;Verfügbar;Loschmitdt Trakt;Getreidemarkt 9,;BI03A17;https://tiss.tuwien.ac.at/events/roomSchedule.xhtml?roomCode=BI03A17
Büro Jordan;5;;Nicht buchbar;Verfügbar;Loschmitdt Trakt;Getreidemarkt 9,;BI03A19;https://tiss.tuwien.ac.at/events/roomSchedule.xhtml?roomCode=BI03A19
Büro Kasper-Giebl;3;;Nicht buchbar;Verfügbar;Eckbau;Getreidemarkt 9,;BB03I25;https://tiss.tuwien.ac.at/events/roomSchedule.xhtml?roomCode=BB03I25
Büro Khatibi;3;;Nicht buchbar;Verfügbar;Eckbau;Getreidemarkt 9,;BB02O25;https://tiss.tuwien.ac.at/events/roomSchedule.xhtml?roomCode=BB02O25
Büro Marchetti-Deschmann;3;;Nicht buchbar;Verfügbar;Eckbau;Getreidemarkt 9,;BB05N25;https://tiss.tuwien.ac.at/events/roomSchedule.xhtml?roomCode=BB05N25
Büro Mauschitz;5;;Nicht buchbar;Verfügbar;Loschmitdt Trakt;Getreidemarkt 9,;BI05G24;https://tiss.tuwien.ac.at/events/roomSchedule.xhtml?roomCode=BI05G24
Büro Mikula;3;;Nicht buchbar;Verfügbar;Loschmitdt Trakt;Getreidemarkt 9,;BI01H08;https://tiss.tuwien.ac.at/events/roomSchedule.xhtml?roomCode=BI01H08
Büro Rameshan;3;;Nicht buchbar;Verfügbar;Lehartrakt;Lehargasse 4,;BC01A34;https://tiss.tuwien.ac.at/events/roomSchedule.xhtml?roomCode=BC01A34
Büro Rudroff;3;;Nicht buchbar;Verfügbar;Loschmitdt Trakt;Getreidemarkt 9,;BI02H18;https://tiss.tuwien.ac.at/events/roomSchedule.xhtml?roomCode=BI02H18
Büro Schnürch;5;;Nicht buchbar;Verfügbar;Loschmitdt Trakt;Getreidemarkt 9,;BI02A07;https://tiss.tuwien.ac.at/events/roomSchedule.xhtml?roomCode=BI02A07
Büro Stanetty;3;;Nicht buchbar;Verfügbar;Loschmitdt Trakt;Getreidemarkt 9,;BI02H08;https://tiss.tuwien.ac.at/events/roomSchedule.xhtml?roomCode=BI02H08
Büro Wukovits;5;;Nicht buchbar;Verfügbar;Geniegebäude;Getreidemarkt 9,;BZ0232;https://tiss.tuwien.ac.at/events/roomSchedule.xhtml?roomCode=BZ0232
Büro Zkiel/Adamcyk;5;;Nicht buchbar;Verfügbar;Loschmitdt Trakt;Getreidemarkt 9,;BI03G04;https://tiss.tuwien.ac.at/events/roomSchedule.xhtml?roomCode=BI03G04
CAD-Labor Saal 1 und 2;60;E307;Lokal;Verfügbar;Hoftrakt;Lehargasse 6,;BD07B33;https://tiss.tuwien.ac.at/events/roomSchedule.xhtml?roomCode=BD+07+D32
CAD-Labor Saal 3;30;E307;Lokal;Verfügbar;Hoftrakt;Lehargasse 6,;BD06B33;https://tiss.tuwien.ac.at/events/roomSchedule.xhtml?roomCode=BD+06+B33
CAD1;13;E104-04;Lokal;Verfügbar;Freihausgebäude;Wiedner Hauptstraße 8-10,;DA08G10;https://tiss.tuwien.ac.at/events/roomSchedule.xhtml?roomCode=DA08G10
CAD2;15;E104-04;Lokal;Verfügbar;Freihausgebäude;Wiedner Hauptstraße 8-10,;DA07E10;https://tiss.tuwien.ac.at/events/roomSchedule.xhtml?roomCode=DA07E10
CPS Bibliothek;11;E191-50;Lokal;Verfügbar;Institutsgebäude;Treitlstraße 3,;DE0328;https://tiss.tuwien.ac.at/events/roomSchedule.xhtml?roomCode=DE0328
CPS Labor;10;;Lokal;Verfügbar;Institutsgebäude;Treitlstraße 3,;DE0302;https://tiss.tuwien.ac.at/events/roomSchedule.xhtml?roomCode=DE0302
Chemie Labor Elektrochemie;1;E150;Nicht buchbar;Verfügbar;Lehartrakt;Lehargasse 4,;BCEGH29;https://tiss.tuwien.ac.at/events/roomSchedule.xhtml?roomCode=BCEGH29
Chromatographie, GC-MS;3;E150;Nicht buchbar;Verfügbar;Eckbau;Getreidemarkt 9,;BB04N17;https://tiss.tuwien.ac.at/events/roomSchedule.xhtml?roomCode=BB04N17
Chromotographie;3;E150;Nicht buchbar;Verfügbar;Eckbau;Getreidemarkt 9,;BB03C13;https://tiss.tuwien.ac.at/events/roomSchedule.xhtml?roomCode=BB03C13
Chromotographie, LC-MS;3;E150;Nicht buchbar;Verfügbar;Eckbau;Getreidemarkt 9,;BB04P17;https://tiss.tuwien.ac.at/events/roomSchedule.xhtml?roomCode=BB04P17
Computerlabor CA 0514;6;E360-01;Nicht buchbar;Verfügbar;Gußhausstr. 27-29 - Neu El;Gußhausstraße 25-29,;CA0514;https://tiss.tuwien.ac.at/events/roomSchedule.xhtml?roomCode=CA+0514
Computerlabor CA 0518;3;E360-01;Nicht buchbar;Verfügbar;Gußhausstr. 27-29 - Neu El;Gußhausstraße 25-29,;CA0518;https://tiss.tuwien.ac.at/events/roomSchedule.xhtml?roomCode=CA+0518
Computerlabor CA0510;6;E360-01;Nicht buchbar;Verfügbar;Gußhausstr. 27-29 - Neu El;Gußhausstraße 25-29,;CA0510;https://tiss.tuwien.ac.at/events/roomSchedule.xhtml?roomCode=CA0510
Computerlabor CH0217;18;E362;Nicht buchbar;Verfügbar;ZMNS;Gußhausstraße 25-25a,;CH0217;https://tiss.tuwien.ac.at/events/roomSchedule.xhtml?roomCode=Ch0217
Computerlabor E376, CA0426;20;E376;Nicht buchbar;Verfügbar;Gußhausstr. 27-29 - Neu El;Gußhausstraße 25-29, Gußhausstraße 27-29;CA0426;https://tiss.tuwien.ac.at/events/roomSchedule.xhtml?roomCode=CA0426
DSLab;24;E194;Nicht buchbar;Verfügbar;Institutsgebäude;Argentinierstraße 8,;EAU120B;https://tiss.tuwien.ac.at/events/roomSchedule.xhtml?roomCode=EA+U1+20B
Dunkelkammer;3;E150;Nicht buchbar;Verfügbar;Eckbau;Getreidemarkt 9,;BBU1H02;https://tiss.tuwien.ac.at/events/roomSchedule.xhtml?roomCode=BBU1H02
EDV Praktikum Physik;32;E134;Lokal;Verfügbar;Freihausgebäude;Wiedner Hauptstraße 8-10, Turm A, grüner Bereich, 1. OG;DB01E09;https://tiss.tuwien.ac.at/events/roomSchedule.xhtml?roomCode=EDVP
EDV-Raum. DA grün 02 D;28;E129;Lokal;Verfügbar;Freihausgebäude;Wiedner Hauptstraße 8-10, , Turm A, grüner Bereich, 2. OG;DA02K20;https://tiss.tuwien.ac.at/events/roomSchedule.xhtml?roomCode=DA02K20
EI 1 Petritsch HS;63;;Zentral;Verfügbar;Haupttrakt;Gußhausstraße 25-25a, 2. Stock;CF0242;https://tiss.tuwien.ac.at/events/roomSchedule.xhtml?roomCode=E1
EI 10 Fritz Paschke HS - UIW;151;;Zentral;Verfügbar;Gußhausstr. 27-29 - Neu El;Gußhausstraße 25-29, Stiege 1, Erdgeschoss;CAEG31;https://tiss.tuwien.ac.at/events/roomSchedule.xhtml?roomCode=E10
EI 11 Geodäsie HS - GEO;81;;Zentral;Verfügbar;Gußhausstr. 27-29 - Neu El;Gußhausstraße 25-29, Stiege 1, 3. Stock;CD0304;https://tiss.tuwien.ac.at/events/roomSchedule.xhtml?roomCode=E11
EI 2 Pichelmayer HS - ETIT;135;;Zentral;Verfügbar;Haupttrakt;Gußhausstraße 25-25a, 2. Stock;CF0235;https://tiss.tuwien.ac.at/events/roomSchedule.xhtml?roomCode=E2
EI 3 Sahulka HS - UIW;184;;Zentral;Verfügbar;Haupttrakt;Gußhausstraße 25-25a, 2. Stock;CF0205;https://tiss.tuwien.ac.at/events/roomSchedule.xhtml?roomCode=E3
EI 3A Hörsaal;59;;Zentral;Verfügbar;Haupttrakt;Gußhausstraße 25-25a, 2. Stock;CF0213;https://tiss.tuwien.ac.at/events/roomSchedule.xhtml?roomCode=E3A
EI 4 Reithoffer HS;90;;Zentral;Verfügbar;Haupttrakt;Gußhausstraße 25-25a, 2. Stock;CF0245;https://tiss.tuwien.ac.at/events/roomSchedule.xhtml?roomCode=E4
EI 5 Hochenegg HS;114;;Zentral;Verfügbar;Haupttrakt;Gußhausstraße 25-25a, 2. Stock;CF0229;https://tiss.tuwien.ac.at/events/roomSchedule.xhtml?roomCode=E5
EI 6 Eckert HS;30;;Zentral;Verfügbar;Haupttrakt;Gußhausstraße 25-25a, Stiege 10, 6. Stock;CF0453;https://tiss.tuwien.ac.at/events/roomSchedule.xhtml?roomCode=E6
EI 7 Hörsaal - ETIT;434;;Zentral;Verfügbar;Gußhausstr. 27-29 - Neu El;Gußhausstraße 25-29, Stiege 1, Erdgeschoss;CDEG13;https://tiss.tuwien.ac.at/events/roomSchedule.xhtml?roomCode=E7
EI 8 Pötzl HS - QUER;139;;Zentral;Verfügbar;Gußhausstr. 27-29 - Neu El;Gußhausstraße 25-29, Stiege 1, Erdgeschoss;CDEG08;https://tiss.tuwien.ac.at/events/roomSchedule.xhtml?roomCode=E8
EI 9 Hlawka HS - ETIT;181;;Zentral;Verfügbar;Gußhausstr. 27-29 - Neu El;Gußhausstraße 25-29, Stiege 1, Erdgeschoss;CAEG17;https://tiss.tuwien.ac.at/events/roomSchedule.xhtml?roomCode=E9
Ersatzraum Prechtlsaal 1;10;E299-01;Lokal & zentral;Verfügbar;Erzherzog-Johann-Pl. 1;Erzherzog-Johann-Platz 1,;FCEG13A;https://tiss.tuwien.ac.at/events/roomSchedule.xhtml?roomCode=FCEG13A
Ersatzraum Prechtlsaal 2;25;E299-01;Lokal & zentral;Verfügbar;Erzherzog-Johann-Pl. 1;Erzherzog-Johann-Platz 1,;FBEG13;https://tiss.tuwien.ac.at/events/roomSchedule.xhtml?roomCode=FBEG13
Ersatzraum Prechtlsaal 3;10;E299-01;Lokal & zentral;Verfügbar;Erzherzog-Johann-Pl. 1;Erzherzog-Johann-Platz 1,;FBEG09;https://tiss.tuwien.ac.at/events/roomSchedule.xhtml?roomCode=FBEG09
FAM Bibliothek;10;E105;Nicht buchbar;Verfügbar;Freihausgebäude;Wiedner Hauptstraße 8-10,;DA07H10;https://tiss.tuwien.ac.at/events/roomSchedule.xhtml?roomCode=DA+07+H10
FAV Hörsaal 1 - INF;106;;Zentral;Verfügbar;Institutsgebäude;Favoritenstraße 9-11, Erdgeschoß;HEEG02;https://tiss.tuwien.ac.at/events/roomSchedule.xhtml?roomCode=FAV1
FAV Hörsaal 2;35;;Zentral;Verfügbar;Institutsgebäude;Favoritenstraße 9-11, Erdgeschoß;HEEG03;https://tiss.tuwien.ac.at/events/roomSchedule.xhtml?roomCode=FAV2
FAV Hörsaal 3 Zemanek (Seminarraum Zemanek);53;;Zentral;Verfügbar;Institutsgebäude;Favoritenstraße 9-11, Erdgeschoß;HHEG01;https://tiss.tuwien.ac.at/events/roomSchedule.xhtml?roomCode=ZEMS
FG Labs CT/Konegger 1;3;E150;Nicht buchbar;Verfügbar;Eckbau;Getreidemarkt 9,;BB02C01;https://tiss.tuwien.ac.at/events/roomSchedule.xhtml?roomCode=BB02C01
FG Labs CT/Konegger 2;3;E150;Nicht buchbar;Verfügbar;Eckbau;Getreidemarkt 9,;BB02C09;https://tiss.tuwien.ac.at/events/roomSchedule.xhtml?roomCode=BB02C09
FG Labs CT/Konegger 3;3;E150;Nicht buchbar;Verfügbar;Eckbau;Getreidemarkt 9,;BB02C13;https://tiss.tuwien.ac.at/events/roomSchedule.xhtml?roomCode=BB02C13
FG Labs CT/Konegger 4;3;E150;Nicht buchbar;Verfügbar;Eckbau;Getreidemarkt 9,;BB03C01;https://tiss.tuwien.ac.at/events/roomSchedule.xhtml?roomCode=BB03C01
FG Labs CT/Konegger 5;3;E150;Nicht buchbar;Verfügbar;Eckbau;Getreidemarkt 9,;BB03C05;https://tiss.tuwien.ac.at/events/roomSchedule.xhtml?roomCode=BB03C05
FG Labs Eder/Cherevan/Bayer-Skoff 1;3;E150;Nicht buchbar;Verfügbar;Lehartrakt;Lehargasse 4,;BC02H21;https://tiss.tuwien.ac.at/events/roomSchedule.xhtml?roomCode=BC02H21
FG Labs Eder/Cherevan/Bayer-Skoff 2;3;E150;Nicht buchbar;Verfügbar;Lehartrakt;Lehargasse 4,;BC02H31;https://tiss.tuwien.ac.at/events/roomSchedule.xhtml?roomCode=BC02H31
FG Labs Eder/Cherevan/Bayer-Skoff 3;3;E150;Nicht buchbar;Verfügbar;Lehartrakt;Lehargasse 4,;BC02H41;https://tiss.tuwien.ac.at/events/roomSchedule.xhtml?roomCode=BC02H41
FG Labs Fleig/Opitz/Fafilek 1;3;E150;Nicht buchbar;Verfügbar;Lehartrakt;Lehargasse 4,;BCEGH21;https://tiss.tuwien.ac.at/events/roomSchedule.xhtml?roomCode=BCEGH21
FG Labs Fleig/Opitz/Fafilek 2;3;E150;Nicht buchbar;Verfügbar;Lehartrakt;Lehargasse 4,;BCEGH25;https://tiss.tuwien.ac.at/events/roomSchedule.xhtml?roomCode=BCEGH25
FG Labs Fleig/Opitz/Fafilek 3;3;E150;Nicht buchbar;Verfügbar;Lehartrakt;Lehargasse 4,;BCEGH31;https://tiss.tuwien.ac.at/events/roomSchedule.xhtml?roomCode=BCEGH31
FH 8 Nöbauer HS - MATH;203;;Zentral;Verfügbar;Freihausgebäude;Wiedner Hauptstraße 8-10, Turm B, gelber Bereich, 2. OG;DB02H12;https://tiss.tuwien.ac.at/events/roomSchedule.xhtml?roomCode=F8
FH Hörsaal 1 - MWB;383;;Zentral;Verfügbar;Freihausgebäude;Wiedner Hauptstraße 8-10, Turm C, roter Bereich, 1. u. 2. OG;DC02H03;https://tiss.tuwien.ac.at/events/roomSchedule.xhtml?roomCode=F1
FH Hörsaal 2;53;;Zentral;Verfügbar;Freihausgebäude;Wiedner Hauptstraße 8-10, Turm B, gelber Bereich, 2. OG;DB02O23;https://tiss.tuwien.ac.at/events/roomSchedule.xhtml?roomCode=F2
FH Hörsaal 3 - MATH;86;;Zentral;Verfügbar;Freihausgebäude;Wiedner Hauptstraße 8-10, Turm B, gelber Bereich, 2. OG;DB02O13;https://tiss.tuwien.ac.at/events/roomSchedule.xhtml?roomCode=F3
FH Hörsaal 4;54;;Zentral;Verfügbar;Freihausgebäude;Wiedner Hauptstraße 8-10, Turm B, gelber Bereich, 2. OG;DB02O05;https://tiss.tuwien.ac.at/events/roomSchedule.xhtml?roomCode=F4
FH Hörsaal 5 - TPH;198;;Zentral;Verfügbar;Freihausgebäude;Wiedner Hauptstraße 8-10, Turm A, grüner Bereich, 2. OG;DA02G15;https://tiss.tuwien.ac.at/events/roomSchedule.xhtml?roomCode=F5
FH Hörsaal 6 - TPH;198;;Zentral;Verfügbar;Freihausgebäude;Wiedner Hauptstraße 8-10, Turm A, grüner Bereich, 2. OG;DA02K01;https://tiss.tuwien.ac.at/events/roomSchedule.xhtml?roomCode=F6
FH Hörsaal 7 - GEO;70;;Zentral;Verfügbar;Freihausgebäude;Wiedner Hauptstraße 8-10, Turm B, gelber Bereich, 2. OG;DB02H04;https://tiss.tuwien.ac.at/events/roomSchedule.xhtml?roomCode=F7
Forschungslabor;5;E150;Nicht buchbar;Verfügbar;Institutsgebäude;Gumpendorfer Straße 1a,;BH03A01;https://tiss.tuwien.ac.at/events/roomSchedule.xhtml?roomCode=BH03A01
GM 1 Audi. Max.- ARCH-INF;491;;Zentral;Verfügbar;Plus Energie Büro Hochhaus;Getreidemarkt 9, Bauteil BA Hochhaus, EG;BAU178A;https://tiss.tuwien.ac.at/events/roomSchedule.xhtml?roomCode=AUDI
GM 2 Radinger Hörsaal - TCH;240;;Zentral;Verfügbar;Hoftrakt;Lehargasse 6, Bauteil BD Hoftrakt, 1.OG;BD01B33;https://tiss.tuwien.ac.at/events/roomSchedule.xhtml?roomCode=RADI
GM 3 Vortmann Hörsaal - VT;102;;Zentral;Verfügbar;Plus Energie Büro Hochhaus;Getreidemarkt 9, Bauteil BA Hochhaus, 2.OG;BA02A05;https://tiss.tuwien.ac.at/events/roomSchedule.xhtml?roomCode=VORT+HS
GM 4 Knoller Hörsaal - VT;104;;Zentral;Verfügbar;Hoftrakt;Lehargasse 6, Bauteil BD Hoftrakt, 2.OG;BD02D32;https://tiss.tuwien.ac.at/events/roomSchedule.xhtml?roomCode=KNOL
GM 5 Praktikum HS- TCH;232;;Zentral;Verfügbar;Plus Energie Büro Hochhaus;Getreidemarkt 9, Bauteil BA Hochhaus, 2.UG;BAU276A;https://tiss.tuwien.ac.at/events/roomSchedule.xhtml?roomCode=BA_PRAKT
GM 7 Kleiner Schiffbau;30;;Zentral;Verfügbar;Hoftrakt;Lehargasse 6, Bauteil BD Hoftrakt, 1.OG;BD01B41;https://tiss.tuwien.ac.at/events/roomSchedule.xhtml?roomCode=KSCH
GM 8/9 - Hörsaal des Internationalen Wiener Motorensymposiums;96;;Zentral;Verfügbar;Hoftrakt;Lehargasse 6, Bauteil BD Hoftrakt, 2.OG;BD02B33;https://tiss.tuwien.ac.at/events/roomSchedule.xhtml?roomCode=BAU1_ZID
HS 13 Ernst Melan - RPL;160;;Zentral;Verfügbar;Hauptgebäude;Karlsplatz 13, Stiege 7;AE0239;https://tiss.tuwien.ac.at/events/roomSchedule.xhtml?roomCode=H13
HS 14A Günther Feuerstein;102;;Zentral;Verfügbar;Hauptgebäude;Karlsplatz 13, Stiege 3, 3. Stock;AB0306;https://tiss.tuwien.ac.at/events/roomSchedule.xhtml?roomCode=H14A
HS 17 Friedrich Hartmann - ARCH;211;;Zentral;Verfügbar;Hauptgebäude;Karlsplatz 13, Stiege 7, 3. Stock;AE0341;https://tiss.tuwien.ac.at/events/roomSchedule.xhtml?roomCode=H17
HS 18 Czuber - MB;200;;Zentral;Verfügbar;Hauptgebäude;Karlsplatz 13, zw.Stiege 2 u. 8, 2. Stock;AE0238;https://tiss.tuwien.ac.at/events/roomSchedule.xhtml?roomCode=H18
HS 7 Schütte-Lihotzky - ARCH;143;;Zentral;Verfügbar;Hauptgebäude;Karlsplatz 13, Hof 2, Stiege 7;AHEG07;https://tiss.tuwien.ac.at/events/roomSchedule.xhtml?roomCode=H7
HS 8 Heinz Parkus - BI;196;;Zentral;Verfügbar;Hauptgebäude;Karlsplatz 13, Stiege 7;AE0141;https://tiss.tuwien.ac.at/events/roomSchedule.xhtml?roomCode=H8
HS Atrium 1;150;;Zentral;Verfügbar;ARSENAL Objekt 214;Franz-Grill-Straße 9,;OZEG80;https://tiss.tuwien.ac.at/events/roomSchedule.xhtml?roomCode=OZEG80
HS Atrium 2;86;;Zentral;Verfügbar;ARSENAL Objekt 214;Franz-Grill-Straße 9,;OZEG76;https://tiss.tuwien.ac.at/events/roomSchedule.xhtml?roomCode=OZEG76
HS O221;131;;Zentral;Verfügbar;Objekt 221;Franz-Grill-Straße 2-4,;OA01E29;https://tiss.tuwien.ac.at/events/roomSchedule.xhtml?roomCode=OA01E29
Hauptlabor des VT-Instituts;9;E150;Nicht buchbar;Verfügbar;Loschmitdt Trakt;Getreidemarkt 9,;BI04G12;https://tiss.tuwien.ac.at/events/roomSchedule.xhtml?roomCode=BI04G12
Hörerlabor;22;E150;Nicht buchbar;Verfügbar;Institutsgebäude;Gumpendorfer Straße 1a,;BHEGA01;https://tiss.tuwien.ac.at/events/roomSchedule.xhtml?roomCode=BHEGA01
Hörerlabor BC 1;21;E150;Nicht buchbar;Verfügbar;Lehartrakt;Lehargasse 4,;BC04H01;https://tiss.tuwien.ac.at/events/roomSchedule.xhtml?roomCode=BC04H01
Hörerlabor BC 2;18;E150;Nicht buchbar;Verfügbar;Lehartrakt;Lehargasse 4,;BC04H11;https://tiss.tuwien.ac.at/events/roomSchedule.xhtml?roomCode=BC04H11
Hörerlabor BC 3;20;E150;Nicht buchbar;Verfügbar;Lehartrakt;Lehargasse 4,;BC04H21;https://tiss.tuwien.ac.at/events/roomSchedule.xhtml?roomCode=BC04H21
Hörerlabor BC 4;23;E150;Nicht buchbar;Verfügbar;Lehartrakt;Lehargasse 4,;BC04H31;https://tiss.tuwien.ac.at/events/roomSchedule.xhtml?roomCode=BC04H31
Hörerlabor BC 5;27;E150;Nicht buchbar;Verfügbar;Lehartrakt;Lehargasse 4,;BC04H41;https://tiss.tuwien.ac.at/events/roomSchedule.xhtml?roomCode=BC04H41
Hörerlabor BK;62;E150;Nicht buchbar;Verfügbar;Loschmitdt Trakt;Getreidemarkt 9,;BKU1B03;https://tiss.tuwien.ac.at/events/roomSchedule.xhtml?roomCode=BKU1B03
Hörsaal 14;36;;Zentral;Verfügbar;Hauptgebäude;Karlsplatz 13, Stiege 3, 3. Stock;AB0302;https://tiss.tuwien.ac.at/events/roomSchedule.xhtml?roomCode=H14
Hörsaal 15;52;;Zentral;Verfügbar;Hauptgebäude;Karlsplatz 13, Stiege 3, 3. Stock;AB0314;https://tiss.tuwien.ac.at/events/roomSchedule.xhtml?roomCode=H15
Hörsaal 6 - RPL;173;;Zentral;Verfügbar;Hauptgebäude;Karlsplatz 13, zw. Stiege 2 u. 8;AEEG40;https://tiss.tuwien.ac.at/events/roomSchedule.xhtml?roomCode=H6
Hörsaal AE U1 - 1 - BI;184;;Zentral;Verfügbar;Hauptgebäude;Karlsplatz 13,;AEU141;https://tiss.tuwien.ac.at/events/roomSchedule.xhtml?roomCode=AEU141
Hörsaal AI - TPH;196;E141;Lokal;Verfügbar;Atominstitut;Stadionallee 2,;ZDEG01;https://tiss.tuwien.ac.at/events/roomSchedule.xhtml?roomCode=AIHS
Hörsaal W3;96;E280;Nicht buchbar;Nicht mehr Verfügbar;Alte Wirtschaftsuniversität Wien (WUW);Augasse 2-6, WU 3.OG;WB 03 A24;https://tiss.tuwien.ac.at/events/roomSchedule.xhtml?roomCode=WB03A24
Hörsaal W4;174;E280;Nicht buchbar;Nicht mehr Verfügbar;Alte Wirtschaftsuniversität Wien (WUW);Augasse 2-6, WU EG;WB U1 F01;https://tiss.tuwien.ac.at/events/roomSchedule.xhtml?roomCode=WBUIF01
Hörsaal W5;138;E280;Nicht buchbar;Nicht mehr Verfügbar;Alte Wirtschaftsuniversität Wien (WUW);Augasse 2-6, WU EG;WA EG E07;https://tiss.tuwien.ac.at/events/roomSchedule.xhtml?roomCode=WAEG07
Hörsaal WEDV;70;E280;Nicht buchbar;Nicht mehr Verfügbar;Alte Wirtschaftsuniversität Wien (WUW);Augasse 2-6, WU 3.OG;WC 03 A24;https://tiss.tuwien.ac.at/events/roomSchedule.xhtml?roomCode=WC03A24
Imaging MS;3;E150;Nicht buchbar;Verfügbar;Eckbau;Getreidemarkt 9,;BB04C13;https://tiss.tuwien.ac.at/events/roomSchedule.xhtml?roomCode=BB04C13
InfLab Frogger;25;E199;Lokal;Verfügbar;Institutsgebäude;Favoritenstraße 9-11, Erdgeschoß;HGEG05;https://tiss.tuwien.ac.at/events/roomSchedule.xhtml?roomCode=HGEG05
InfLab Pong;10;E199;Lokal;Verfügbar;Institutsgebäude;Favoritenstraße 9-11, Erdgeschoß;HGEG15;https://tiss.tuwien.ac.at/events/roomSchedule.xhtml?roomCode=HGEG15
InfLab Q*bert;25;E199;Lokal;Verfügbar;Institutsgebäude;Favoritenstraße 9-11, Erdgeschoß;HGEG01A;https://tiss.tuwien.ac.at/events/roomSchedule.xhtml?roomCode=HGEG05A
Informatikhörsaal - ARCH-INF;392;;Zentral;Verfügbar;Institutsgebäude;Treitlstraße 3, Erdgeschoss;DEU116;https://tiss.tuwien.ac.at/events/roomSchedule.xhtml?roomCode=INFH
Informatiklabor Breakout;10;E199;Nicht buchbar;Nicht mehr Verfügbar;Institutsgebäude;Favoritenstraße 9-11, 2.OG(Zugang über Stiege 4);HE0232;https://tiss.tuwien.ac.at/events/roomSchedule.xhtml?roomCode=HEEG07
Informatiklabor Zelda;10;E199;Nicht buchbar;Nicht mehr Verfügbar;Institutsgebäude;Favoritenstraße 9-11, 2.OG(Zugang über Stiege 4);HE0236;https://tiss.tuwien.ac.at/events/roomSchedule.xhtml?roomCode=HEEG10
Isotopenlabor;3;E150;Nicht buchbar;Verfügbar;Geniegebäude;Getreidemarkt 9,;BZ0305;https://tiss.tuwien.ac.at/events/roomSchedule.xhtml?roomCode=BZ0305
Konferenzraum der Fakultät Architektur und Raumplanung;40;E299-01;Lokal;Verfügbar;Hauptgebäude;Karlsplatz 13, Hauptgebäude, Stiege 6, 4. Stock;AFDG30;https://tiss.tuwien.ac.at/events/roomSchedule.xhtml?roomCode=S1
Labor;7;;Lokal & zentral;Verfügbar;Institutsgebäude;Favoritenstraße 9-11,;HCEG13;https://tiss.tuwien.ac.at/events/roomSchedule.xhtml?roomCode=HCEG13
Labor;7;;Lokal & zentral;Verfügbar;Institutsgebäude;Favoritenstraße 9-11,;HE0250;https://tiss.tuwien.ac.at/events/roomSchedule.xhtml?roomCode=HE0250
Labor - Ofenraum;9;;Lokal & zentral;Verfügbar;Institutsgebäude;Favoritenstraße 9-11,;HAEG04;https://tiss.tuwien.ac.at/events/roomSchedule.xhtml?roomCode=HAEG04
Labor 2 des FB MVT und Luftreinhaltetechnik;3;E150;Nicht buchbar;Verfügbar;Loschmitdt Trakt;Getreidemarkt 9,;BI03A09;https://tiss.tuwien.ac.at/events/roomSchedule.xhtml?roomCode=BI03A09
Labor CC0117;20;;Nicht buchbar;Verfügbar;Gußhausstr. 27-29 - Neu El;Gußhausstraße 25-29,;CC0117;https://tiss.tuwien.ac.at/events/roomSchedule.xhtml?roomCode=CC0117
Labor CF0141;10;;Nicht buchbar;Verfügbar;Haupttrakt;Gußhausstraße 25-25a,;CF0141;https://tiss.tuwien.ac.at/events/roomSchedule.xhtml?roomCode=CF0141
Labor DA04A05;4;E325-04;Lokal;Verfügbar;Freihausgebäude;Wiedner Hauptstraße 8-10,;DA04A05;https://tiss.tuwien.ac.at/events/roomSchedule.xhtml?roomCode=DA04A05
Labor Fördertechnik;5;E307;Lokal;Verfügbar;Lückenbau;Gumpendorfer Straße 7, erstes Untergeschoss;BDU1D42;https://tiss.tuwien.ac.at/events/roomSchedule.xhtml?roomCode=BD+U1+D42
Labor Hochspannungshalle E370;25;E370;Nicht buchbar;Verfügbar;Haupttrakt;Gußhausstraße 25-25a, Untergeschoß;CFU145;https://tiss.tuwien.ac.at/events/roomSchedule.xhtml?roomCode=CFU145
Labor Mechanische Prüfung I;6;;Lokal & zentral;Verfügbar;Institutsgebäude;Favoritenstraße 9-11,;HAEG09;https://tiss.tuwien.ac.at/events/roomSchedule.xhtml?roomCode=HAEG09
Labor Technische Elektronik (LVA 362.132);18;E362;Nicht buchbar;Verfügbar;ZMNS;Gußhausstraße 25-25a,;CH0213;https://tiss.tuwien.ac.at/events/roomSchedule.xhtml?roomCode=CH0213
Labor WM;7;;Lokal & zentral;Verfügbar;Institutsgebäude;Favoritenstraße 9-11,;HAEG11;https://tiss.tuwien.ac.at/events/roomSchedule.xhtml?roomCode=HAEG11
Labor WM1;8;;Lokal & zentral;Verfügbar;Institutsgebäude;Favoritenstraße 9-11,;HAEG16;https://tiss.tuwien.ac.at/events/roomSchedule.xhtml?roomCode=HAEG16
Labor Übungsraum E370;36;E370;Nicht buchbar;Verfügbar;Haupttrakt;Gußhausstraße 25-25a, 4. Stock;CF0426;https://tiss.tuwien.ac.at/events/roomSchedule.xhtml?roomCode=CF0426
Laborraum BB01C15;3;E150;Nicht buchbar;Verfügbar;Eckbau;Getreidemarkt 9,;BB01C15;https://tiss.tuwien.ac.at/events/roomSchedule.xhtml?roomCode=BB01C15
Laborraum BB01C19;3;E150;Nicht buchbar;Verfügbar;Eckbau;Getreidemarkt 9,;BB01C19;https://tiss.tuwien.ac.at/events/roomSchedule.xhtml?roomCode=BB01C19
Laborraum BB01C23;3;E150;Nicht buchbar;Verfügbar;Eckbau;Getreidemarkt 9,;BB01C23;https://tiss.tuwien.ac.at/events/roomSchedule.xhtml?roomCode=BB01C23
Laborraum BB02C03;3;E150;Nicht buchbar;Verfügbar;Eckbau;Getreidemarkt 9,;BB02C03;https://tiss.tuwien.ac.at/events/roomSchedule.xhtml?roomCode=BB02C03
Laborraum BB02C17;3;E150;Nicht buchbar;Verfügbar;Eckbau;Getreidemarkt 9,;BB02C17;https://tiss.tuwien.ac.at/events/roomSchedule.xhtml?roomCode=BB02C17
Laborraum BB02C23;3;E150;Nicht buchbar;Verfügbar;Eckbau;Getreidemarkt 9,;BB02C23;https://tiss.tuwien.ac.at/events/roomSchedule.xhtml?roomCode=BB02C23
Laborraum BB02G02;3;E150;Nicht buchbar;Verfügbar;Eckbau;Getreidemarkt 9,;BB02G02;https://tiss.tuwien.ac.at/events/roomSchedule.xhtml?roomCode=BB02G02
Laborraum BB02G06;3;E150;Nicht buchbar;Verfügbar;Eckbau;Getreidemarkt 9,;BB02G06;https://tiss.tuwien.ac.at/events/roomSchedule.xhtml?roomCode=BB02G06
Laborraum BB03C09;3;E150;Nicht buchbar;Verfügbar;Eckbau;Getreidemarkt 9,;BB03C09;https://tiss.tuwien.ac.at/events/roomSchedule.xhtml?roomCode=BB03C09
Laborraum BBEGC01;3;E150;Nicht buchbar;Verfügbar;Eckbau;Getreidemarkt 9,;BBEGC01;https://tiss.tuwien.ac.at/events/roomSchedule.xhtml?roomCode=BBEGC01
Laborraum BBU1C11;3;E150;Nicht buchbar;Verfügbar;Eckbau;Getreidemarkt 9,;BBU1C11;https://tiss.tuwien.ac.at/events/roomSchedule.xhtml?roomCode=BBU1C11
Laborraum BBU1G06;3;E150;Nicht buchbar;Verfügbar;Eckbau;Getreidemarkt 9,;BBU1G06;https://tiss.tuwien.ac.at/events/roomSchedule.xhtml?roomCode=BBU1G06
Laborraum BIU1A03;3;E150;Nicht buchbar;Verfügbar;Loschmitdt Trakt;Getreidemarkt 9,;BIU1A03;https://tiss.tuwien.ac.at/events/roomSchedule.xhtml?roomCode=BIU1A03
Laserspektroskopie;3;E150;Nicht buchbar;Verfügbar;Eckbau;Getreidemarkt 9,;BB03G10;https://tiss.tuwien.ac.at/events/roomSchedule.xhtml?roomCode=BB03G10
MEMS Reinraum;4;E366;Nicht buchbar;Verfügbar;Gußhausstr. 27-29 - Neu El;Gußhausstraße 25-29,;CA0112;https://tiss.tuwien.ac.at/events/roomSchedule.xhtml?roomCode=CA0112
MEMS-Labor;2;E366;Nicht buchbar;Verfügbar;Gußhausstr. 27-29 - Neu El;Gußhausstraße 25-29,;CA0120;https://tiss.tuwien.ac.at/events/roomSchedule.xhtml?roomCode=CA0120
MEMS-Reinraum Schleuse;1;E366;Nicht buchbar;Verfügbar;Gußhausstr. 27-29 - Neu El;Gußhausstraße 25-29,;CA0118;https://tiss.tuwien.ac.at/events/roomSchedule.xhtml?roomCode=CA0118
MEMS-Reinraum Umkleide;2;E366;Nicht buchbar;Verfügbar;Gußhausstr. 27-29 - Neu El;Gußhausstraße 25-29,;CA0118a;https://tiss.tuwien.ac.at/events/roomSchedule.xhtml?roomCode=CA0118a
MNS/MST-Messlabor;6;E366;Nicht buchbar;Verfügbar;Gußhausstr. 27-29 - Neu El;Gußhausstraße 25-29,;CC0225;https://tiss.tuwien.ac.at/events/roomSchedule.xhtml?roomCode=CC0225
Maldi;3;E150;Nicht buchbar;Verfügbar;Eckbau;Getreidemarkt 9,;BB04C19;https://tiss.tuwien.ac.at/events/roomSchedule.xhtml?roomCode=BB04C19
Maschinensaal;40;E370-02;Nicht buchbar;Verfügbar;Haupttrakt;Gußhausstraße 25-25a,;CFSO05;https://tiss.tuwien.ac.at/events/roomSchedule.xhtml?roomCode=CFSO05
Messtechnik Labor;18;;Nicht buchbar;Verfügbar;Gußhausstr. 27-29 - Neu El;Gußhausstraße 25-29,;CA0406;https://tiss.tuwien.ac.at/events/roomSchedule.xhtml?roomCode=CA0406
Metabolomics + Bioprozessanalytik;3;E150;Nicht buchbar;Verfügbar;Eckbau;Getreidemarkt 9,;BB05G10;https://tiss.tuwien.ac.at/events/roomSchedule.xhtml?roomCode=BB05G10
Microgrid-Labor E370;15;E370;Nicht buchbar;Verfügbar;Haupttrakt;Gußhausstraße 25-25a, Erdgeschoss;CFEG17;https://tiss.tuwien.ac.at/events/roomSchedule.xhtml?roomCode=CFEG17
Nasschemie;3;E150;Nicht buchbar;Verfügbar;Eckbau;Getreidemarkt 9,;BB01G02;https://tiss.tuwien.ac.at/events/roomSchedule.xhtml?roomCode=BB01G02
Nasslabor;3;E150;Nicht buchbar;Verfügbar;Eckbau;Getreidemarkt 9,;BB03C17;https://tiss.tuwien.ac.at/events/roomSchedule.xhtml?roomCode=BB03C17
Ofenraum CT;4;E150;Nicht buchbar;Verfügbar;Eckbau;Getreidemarkt 9,;BBU1G10;https://tiss.tuwien.ac.at/events/roomSchedule.xhtml?roomCode=BBU1G10
Ofenraum FK;3;E150;Nicht buchbar;Verfügbar;Eckbau;Getreidemarkt 9,;BB01C01;https://tiss.tuwien.ac.at/events/roomSchedule.xhtml?roomCode=BB01C01
PC1;29;E299-02;Nicht buchbar;Verfügbar;Hauptgebäude;Karlsplatz 13,;AF0106;https://tiss.tuwien.ac.at/events/roomSchedule.xhtml?roomCode=AF0106
PC2;9;E299-02;Nicht buchbar;Verfügbar;Hauptgebäude;Karlsplatz 13,;AF0105;https://tiss.tuwien.ac.at/events/roomSchedule.xhtml?roomCode=AF0105
PC3;8;E299-02;Nicht buchbar;Verfügbar;Hauptgebäude;Karlsplatz 13,;AF0113;https://tiss.tuwien.ac.at/events/roomSchedule.xhtml?roomCode=AF0113
PC4;15;E299-02;Nicht buchbar;Verfügbar;Hauptgebäude;Karlsplatz 13,;AF0122;https://tiss.tuwien.ac.at/events/roomSchedule.xhtml?roomCode=AF0122
PC5;15;E299-02;Nicht buchbar;Verfügbar;Hauptgebäude;Karlsplatz 13,;AF0116;https://tiss.tuwien.ac.at/events/roomSchedule.xhtml?roomCode=AF0116
PC6;7;E299-02;Nicht buchbar;Verfügbar;Hauptgebäude;Karlsplatz 13,;AF0101;https://tiss.tuwien.ac.at/events/roomSchedule.xhtml?roomCode=AF0101
PC7;29;E299-02;Nicht buchbar;Verfügbar;Hauptgebäude;Karlsplatz 13,;AFEG06;https://tiss.tuwien.ac.at/events/roomSchedule.xhtml?roomCode=AFEG+06
PC8;13;E299-02;Lokal & zentral;Verfügbar;Hauptgebäude;Karlsplatz 13,;AFEG03;https://tiss.tuwien.ac.at/events/roomSchedule.xhtml?roomCode=AFEG03
PLD Labor;2;E150;Nicht buchbar;Verfügbar;Lehartrakt;Lehargasse 4,;BCU1A06;https://tiss.tuwien.ac.at/events/roomSchedule.xhtml?roomCode=BCU1A06
Projektraum 13 - Achtung! Werkraum, kein Seminarraum!;35;E299-01;Lokal;Verfügbar;Hauptgebäude;Karlsplatz 13, Hauptgebäude, Stiege 4, 1. Stock;AC0144;https://tiss.tuwien.ac.at/events/roomSchedule.xhtml?roomCode=ZS13
Projektraum 14 - Achtung! Werkraum, kein Seminarraum!;25;E299-01;Lokal;Verfügbar;Hauptgebäude;Karlsplatz 13, Hauptgebäude, Stiege 4, 1. Stock;AC0138;https://tiss.tuwien.ac.at/events/roomSchedule.xhtml?roomCode=ZS14
Projektraum 2 - Achtung! Werkraum, kein Seminarraum!;25;E299-01;Lokal;Verfügbar;Hauptgebäude;Karlsplatz 13, Hauptgebäude, Stiege 4, 3. Stock;AC0324;https://tiss.tuwien.ac.at/events/roomSchedule.xhtml?roomCode=ZS2
Projektraum 8 - Achtung! Werkraum, kein Seminarraum!;25;E299-01;Lokal;Verfügbar;Hauptgebäude;Karlsplatz 13, Hauptgebäude, Stiege 4, 3.Stock;AC0329;https://tiss.tuwien.ac.at/events/roomSchedule.xhtml?roomCode=ZS8
Projektraum Arsenal 1 - Obj. 214 - Achtung! Werkraum, kein Seminarraum!;50;E299-01;Lokal;Verfügbar;ARSENAL Objekt 214;Franz-Grill-Straße 9,;OY0135;https://tiss.tuwien.ac.at/events/roomSchedule.xhtml?roomCode=OY0114
Projektraum Arsenal 2 - Obj. 214 - Achtung! Werkraum, kein Seminarraum!;40;E299-01;Lokal;Verfügbar;ARSENAL Objekt 214;Franz-Grill-Straße 9,;OY0149;https://tiss.tuwien.ac.at/events/roomSchedule.xhtml?roomCode=OY0102
Projektraum DAP 1/259 - Achtung! Werkraum, kein Seminarraum!;18;E299-01;Lokal;Verfügbar;Hauptgebäude;Karlsplatz 13, Stiege 6, 2.OG;AG0216;https://tiss.tuwien.ac.at/events/roomSchedule.xhtml?roomCode=IEM
Projektraum GBL - 2/253 - Achtung! Werkraum, kein Seminarraum!;20;E299-01;Lokal;Verfügbar;Hauptgebäude;Karlsplatz 13, Stiege 7;AFDG26;https://tiss.tuwien.ac.at/events/roomSchedule.xhtml?roomCode=2532
Projektraum HB1 - 6/253 - Achtung! Werkraum, kein Seminarraum!;20;E299-01;Lokal;Verfügbar;Hauptgebäude;Karlsplatz 13,;AFDG10;https://tiss.tuwien.ac.at/events/roomSchedule.xhtml?roomCode=S6
Projektraum HB2 - 7/253 - Achtung! Werkraum, kein Seminarraum!;20;E299-01;Lokal;Verfügbar;Hauptgebäude;Karlsplatz 13, Stiege 7;AFDG06;https://tiss.tuwien.ac.at/events/roomSchedule.xhtml?roomCode=2537
Projektraum RG - 4/253 - Achtung! Werkraum, kein Seminarraum!;20;E299-01;Lokal;Verfügbar;Hauptgebäude;Karlsplatz 13, Stiege 7, Dachgeschoß;AFDG18;https://tiss.tuwien.ac.at/events/roomSchedule.xhtml?roomCode=2534
Projektraum STB - 5/260 - Achtung! Werkraum, kein Seminarraum!;20;E299-01;Lokal;Verfügbar;Hauptgebäude;Karlsplatz 13, Stiege 7;AFDG14;https://tiss.tuwien.ac.at/events/roomSchedule.xhtml?roomCode=5260
Projektraum WB - 3/253 - Achtung! Werkraum, kein Seminarraum!;20;E299-01;Lokal;Verfügbar;Hauptgebäude;Karlsplatz 13, Stiege 7;AFDG22;https://tiss.tuwien.ac.at/events/roomSchedule.xhtml?roomCode=2533
Rasterelektronenmikroskop;2;E150;Nicht buchbar;Verfügbar;Eckbau;Getreidemarkt 9,;BB04L17;https://tiss.tuwien.ac.at/events/roomSchedule.xhtml?roomCode=BB04L17
Raum Madsen;5;;Lokal;Verfügbar;Lehartrakt;Lehargasse 4,;BC01A50;https://tiss.tuwien.ac.at/events/roomSchedule.xhtml?roomCode=BC01A50
Raum NEU 1 AC0230;40;;Nicht buchbar;Verfügbar;Hauptgebäude;Karlsplatz 13, Stiege 3;AC0230;https://tiss.tuwien.ac.at/events/roomSchedule.xhtml?roomCode=305
Raum NEU 1 ACEG01 (ARCH);20;;Lokal & zentral;Nicht mehr Verfügbar;Hauptgebäude;Karlsplatz 13,;ACEG01;https://tiss.tuwien.ac.at/events/roomSchedule.xhtml?roomCode=ACEG01
Raum NEU 2 ACEG05 (ARCH);15;;Lokal & zentral;Nicht mehr Verfügbar;Hauptgebäude;Karlsplatz 13,;ACEG05;https://tiss.tuwien.ac.at/events/roomSchedule.xhtml?roomCode=ACEG05
Raum NEU 3 FBEG 02 (ARCH);15;;Lokal & zentral;Nicht mehr Verfügbar;Erzherzog-Johann-Pl. 1;Erzherzog-Johann-Platz 1,;FBEG02;https://tiss.tuwien.ac.at/events/roomSchedule.xhtml?roomCode=FBEG02
Raum NEU 3 FBZE16 (ARCH);15;;Lokal & zentral;Verfügbar;Erzherzog-Johann-Pl. 1;Erzherzog-Johann-Platz 1,;FBZE16;https://tiss.tuwien.ac.at/events/roomSchedule.xhtml?roomCode=FBZE16
Raumlabor;20;E253-03;Lokal;Verfügbar;Hauptgebäude;Karlsplatz 13, Hof 1, Stiege 3, EG;ACU106;https://tiss.tuwien.ac.at/events/roomSchedule.xhtml?roomCode=ACU+106
Röntgenzentrum;3;E150;Nicht buchbar;Verfügbar;Lehartrakt;Lehargasse 4,;BCU1A22;https://tiss.tuwien.ac.at/events/roomSchedule.xhtml?roomCode=BCU1A22
SIMS;3;E150;Nicht buchbar;Verfügbar;Eckbau;Getreidemarkt 9,;BB04C03;https://tiss.tuwien.ac.at/events/roomSchedule.xhtml?roomCode=BB04C03
Schutzlabor E370;15;E370;Nicht buchbar;Verfügbar;Haupttrakt;Gußhausstraße 25-25a, Souterrain;CFSO42;https://tiss.tuwien.ac.at/events/roomSchedule.xhtml?roomCode=CFSO42
Sem 389;30;E389;Lokal;Verfügbar;Haupttrakt;Gußhausstraße 25-25a, 1. Stock;CG0118;https://tiss.tuwien.ac.at/events/roomSchedule.xhtml?roomCode=CG0118
Sem.R. DA grün 02 A;44;;Zentral;Verfügbar;Freihausgebäude;Wiedner Hauptstraße 8-10,;DA02E08;https://tiss.tuwien.ac.at/events/roomSchedule.xhtml?roomCode=DA02E08
Sem.R. DA grün 02 B;40;;Zentral;Verfügbar;Freihausgebäude;Wiedner Hauptstraße 8-10, grüner Bereich, 2. OG;DA02F16;https://tiss.tuwien.ac.at/events/roomSchedule.xhtml?roomCode=DA02F16
Sem.R. DA grün 02 C;20;;Zentral;Verfügbar;Freihausgebäude;Wiedner Hauptstraße 8-10, , Turm A, grüner Bereich, 2. OG;DA02F20;https://tiss.tuwien.ac.at/events/roomSchedule.xhtml?roomCode=DA02F20
Sem.R. DA grün 03 A;48;;Zentral;Verfügbar;Freihausgebäude;Wiedner Hauptstraße 8-10, Turm A, grüner Bereich, 3. OG;DA03A15;https://tiss.tuwien.ac.at/events/roomSchedule.xhtml?roomCode=101A
Sem.R. DA grün 03 B;32;;Zentral;Verfügbar;Freihausgebäude;Wiedner Hauptstraße 8-10, Turm A, grüner Bereich, 3. OG;DA03E10;https://tiss.tuwien.ac.at/events/roomSchedule.xhtml?roomCode=101B
Sem.R. DA grün 04;30;;Zentral;Verfügbar;Freihausgebäude;Wiedner Hauptstraße 8-10, Turm A, grüner Bereich, 4. OG;DA04E10;https://tiss.tuwien.ac.at/events/roomSchedule.xhtml?roomCode=101C
Sem.R. DA grün 05;60;;Zentral;Verfügbar;Freihausgebäude;Wiedner Hauptstraße 8-10, Turm A, grüner Bereich, 5. OG;DA05E10;https://tiss.tuwien.ac.at/events/roomSchedule.xhtml?roomCode=104
Sem.R. DA grün 06A;30;;Zentral;Verfügbar;Freihausgebäude;Wiedner Hauptstraße 8-10, Turm A, grüner Bereich, 6. OG;DA06E10;https://tiss.tuwien.ac.at/events/roomSchedule.xhtml?roomCode=107
Sem.R. DA grün 06B;16;E101;Lokal;Verfügbar;Freihausgebäude;Wiedner Hauptstraße 8-10, Turm A, grüner Bereich, 6. OG;DA06G10;https://tiss.tuwien.ac.at/events/roomSchedule.xhtml?roomCode=1016
Sem.R. DB gelb 03;30;;Zentral;Verfügbar;Freihausgebäude;Wiedner Hauptstraße 8-10, Turm B, gelber Bereich, 3. OG;DB03E11;https://tiss.tuwien.ac.at/events/roomSchedule.xhtml?roomCode=325%2F2
Sem.R. DB gelb 04;30;;Zentral;Verfügbar;Freihausgebäude;Wiedner Hauptstraße 8-10, Turm B, gelber Bereich, 4.OG;DB04E11;https://tiss.tuwien.ac.at/events/roomSchedule.xhtml?roomCode=105A
Sem.R. DB gelb 05 A;30;;Zentral;Verfügbar;Freihausgebäude;Wiedner Hauptstraße 8-10, Turm B, gelber Bereich, 5. OG;DB05E11;https://tiss.tuwien.ac.at/events/roomSchedule.xhtml?roomCode=134
Sem.R. DB gelb 05 B;24;E134;Lokal;Verfügbar;Freihausgebäude;Wiedner Hauptstraße 8-10, Turm B, gelber Bereich, 5. OG;DB05L03;https://tiss.tuwien.ac.at/events/roomSchedule.xhtml?roomCode=134A
Sem.R. DB gelb 07;30;;Zentral;Verfügbar;Freihausgebäude;Wiedner Hauptstraße 8-10, Turm B, gelber Bereich, 7. OG;DB07E11;https://tiss.tuwien.ac.at/events/roomSchedule.xhtml?roomCode=138A
Sem.R. DB gelb 09;29;;Zentral;Verfügbar;Freihausgebäude;Wiedner Hauptstraße 8-10, Turm B, gelber Bereich, 9. OG;DB09E23;https://tiss.tuwien.ac.at/events/roomSchedule.xhtml?roomCode=138C
Sem.R. DB gelb 10;29;;Zentral;Verfügbar;Freihausgebäude;Wiedner Hauptstraße 8-10, Turm B, gelber Bereich, 10. OG;DB10E11;https://tiss.tuwien.ac.at/events/roomSchedule.xhtml?roomCode=136
Sem.R. DC rot 07;30;;Zentral;Verfügbar;Freihausgebäude;Wiedner Hauptstraße 8-10, Turm C, roter Bereich, 7. OG;DC07A15;https://tiss.tuwien.ac.at/events/roomSchedule.xhtml?roomCode=138B
Seminarraum 1;54;E249-01;Nicht buchbar;Verfügbar;Arsenal, Obj. 236;Lilienthalgasse 14,;OC01I27;https://tiss.tuwien.ac.at/events/roomSchedule.xhtml?roomCode=OC+01+I27
Seminarraum 107/1;25;E105;Lokal;Verfügbar;Goldenes Lamm;Wiedner Hauptstraße 7,;AP0107;https://tiss.tuwien.ac.at/events/roomSchedule.xhtml?roomCode=1071
Seminarraum 126;28;E120;Lokal;Verfügbar;Erzherzog-Johann-Pl. 1;Erzherzog-Johann-Platz 1,;FB0113;https://tiss.tuwien.ac.at/events/roomSchedule.xhtml?roomCode=126
Seminarraum 127;34;;Zentral;Verfügbar;Gußhausstr. 27-29 - Neu El;Gußhausstraße 25-29, Stiege 1;CD0324;https://tiss.tuwien.ac.at/events/roomSchedule.xhtml?roomCode=123
Seminarraum 2;66;E249-01;Nicht buchbar;Verfügbar;Arsenal, Obj. 236;Lilienthalgasse 14,;OC01H23;https://tiss.tuwien.ac.at/events/roomSchedule.xhtml?roomCode=OC+01+H23
Seminarraum 202;22;E202;Nicht buchbar;Nicht mehr Verfügbar;Hauptgebäude;Karlsplatz 13, Stiege 2 (od.8);AE0215;https://tiss.tuwien.ac.at/events/roomSchedule.xhtml?roomCode=202
Seminarraum 213;18;E212;Nicht buchbar;Verfügbar;Hauptgebäude;Karlsplatz 13, Stiege 2 (od.8);AE0315;https://tiss.tuwien.ac.at/events/roomSchedule.xhtml?roomCode=213
Seminarraum 233;18;;Nicht buchbar;Verfügbar;Gußhausstr. 28;Gußhausstraße 28,;FA0212;https://tiss.tuwien.ac.at/events/roomSchedule.xhtml?roomCode=233
Seminarraum 251;12;;Nicht buchbar;Verfügbar;Hauptgebäude;Karlsplatz 13, Stiege 3;AC0314;https://tiss.tuwien.ac.at/events/roomSchedule.xhtml?roomCode=251
Seminarraum 268/1;40;E280;Nicht buchbar;Nicht mehr Verfügbar;Alte Wirtschaftsuniversität Wien (WUW);Augasse 2-6, WU 2.OG;WA 02 A01;https://tiss.tuwien.ac.at/events/roomSchedule.xhtml?roomCode=WD02A01
Seminarraum 268/2;20;E280;Nicht buchbar;Nicht mehr Verfügbar;Alte Wirtschaftsuniversität Wien (WUW);Augasse 2-6, WU 2.OG;WB 02 E11;https://tiss.tuwien.ac.at/events/roomSchedule.xhtml?roomCode=WB02E11
Seminarraum 268/3;24;E280;Nicht buchbar;Nicht mehr Verfügbar;Alte Wirtschaftsuniversität Wien (WUW);Augasse 2-6, WU 2.OG;WA 02 E07;https://tiss.tuwien.ac.at/events/roomSchedule.xhtml?roomCode=WA02E07
Seminarraum 280;20;E280;Nicht buchbar;Nicht mehr Verfügbar;Alte Wirtschaftsuniversität Wien (WUW);Augasse 2-6, WU 2.OG;WD 02 B21;https://tiss.tuwien.ac.at/events/roomSchedule.xhtml?roomCode=WD02B21
Seminarraum 280/1;60;E280;Nicht buchbar;Nicht mehr Verfügbar;Alte Wirtschaftsuniversität Wien (WUW);Augasse 2-6, WU 2.OG;WA 02 A19;https://tiss.tuwien.ac.at/events/roomSchedule.xhtml?roomCode=WA02A19
Seminarraum 280/2;72;E280;Nicht buchbar;Nicht mehr Verfügbar;Alte Wirtschaftsuniversität Wien (WUW);Augasse 2-6, WU 2.OG;WB 02 A23;https://tiss.tuwien.ac.at/events/roomSchedule.xhtml?roomCode=WB02A23
Seminarraum 3;34;E249-01;Nicht buchbar;Verfügbar;Arsenal, Obj. 236;Lilienthalgasse 14,;OC01E23;https://tiss.tuwien.ac.at/events/roomSchedule.xhtml?roomCode=OC+01+E23
Seminarraum 3/2;0;E401;Nicht buchbar;Nicht mehr Verfügbar;Perlmooser-Haus;Operngasse 11,;DF0208;https://tiss.tuwien.ac.at/events/roomSchedule.xhtml?roomCode=SR+3%2F2
Seminarraum 3/4;42;E280;Nicht buchbar;Nicht mehr Verfügbar;Alte Wirtschaftsuniversität Wien (WUW);Augasse 2-6, WU 2.OG;WA 02 A02;https://tiss.tuwien.ac.at/events/roomSchedule.xhtml?roomCode=WD02A02
Seminarraum 362 - 1;36;;Zentral;Verfügbar;ZMNS;Gußhausstraße 25-25a,;CH0236;https://tiss.tuwien.ac.at/events/roomSchedule.xhtml?roomCode=CH0236
Seminarraum 363;36;E363;Lokal;Verfügbar;Gußhausstr. 27-29 - Neu El;Gußhausstraße 25-29, Stiege 1;CA0138;https://tiss.tuwien.ac.at/events/roomSchedule.xhtml?roomCode=351
Seminarraum 366;36;E366;Lokal;Verfügbar;Gußhausstr. 27-29 - Neu El;Gußhausstraße 25-29, Stiege 3;CC0321;https://tiss.tuwien.ac.at/events/roomSchedule.xhtml?roomCode=122
Seminarraum 384;36;;Zentral;Verfügbar;Gußhausstr. 27-29 - Neu El;Gußhausstraße 25-29,;CD0204;https://tiss.tuwien.ac.at/events/roomSchedule.xhtml?roomCode=CD0204
Seminarraum 387;30;E387;Lokal;Verfügbar;Gußhausstr. 27-29 - Neu El;Gußhausstraße 25-29, Stiege 2, Erdgeschoß;CBEG02;https://tiss.tuwien.ac.at/events/roomSchedule.xhtml?roomCode=387
Seminarraum 4/2;0;E401;Nicht buchbar;Nicht mehr Verfügbar;Perlmooser-Haus;Operngasse 11,;DF0212;https://tiss.tuwien.ac.at/events/roomSchedule.xhtml?roomCode=SR+4%2F2
Seminarraum 4/2;70;E280;Nicht buchbar;Nicht mehr Verfügbar;Alte Wirtschaftsuniversität Wien (WUW);Augasse 2-6, WU 2.OG;WC02A23;https://tiss.tuwien.ac.at/events/roomSchedule.xhtml?roomCode=WC02A23
Seminarraum 8;25;;Zentral;Verfügbar;Hauptgebäude;Karlsplatz 13, Hof 2, Stiege 7, ebenerdig;AHEG05;https://tiss.tuwien.ac.at/events/roomSchedule.xhtml?roomCode=2503
Seminarraum AA 02 – 1;35;;Zentral;Verfügbar;Hauptgebäude;Karlsplatz 13, Hauptgebäude, Stiege1, 2. Stock;AA0241;https://tiss.tuwien.ac.at/events/roomSchedule.xhtml?roomCode=ZS15
Seminarraum AA 03 - 1 - BI;50;;Zentral;Verfügbar;Hauptgebäude;Karlsplatz 13,;AA0352;https://tiss.tuwien.ac.at/events/roomSchedule.xhtml?roomCode=AA0352
Seminarraum AC0440;50;E264;Lokal;Verfügbar;Hauptgebäude;Karlsplatz 13, 4. OG;AC0440;https://tiss.tuwien.ac.at/events/roomSchedule.xhtml?roomCode=AC0440
Seminarraum AD 03 - 1;46;E222;Lokal;Verfügbar;Hauptgebäude;Karlsplatz 13, Stiege 5;AD0309;https://tiss.tuwien.ac.at/events/roomSchedule.xhtml?roomCode=222
Seminarraum AE U1 - 1;24;;Zentral;Verfügbar;Hauptgebäude;Karlsplatz 13,;AEU103;https://tiss.tuwien.ac.at/events/roomSchedule.xhtml?roomCode=AEU103
Seminarraum AE U1 - 2;28;;Zentral;Verfügbar;Hauptgebäude;Karlsplatz 13,;AEU107;https://tiss.tuwien.ac.at/events/roomSchedule.xhtml?roomCode=AEU107
Seminarraum AE U1 - 3;24;;Zentral;Verfügbar;Hauptgebäude;Karlsplatz 13,;AEU115;https://tiss.tuwien.ac.at/events/roomSchedule.xhtml?roomCode=AEU115
Seminarraum AE U1 - 4;40;;Zentral;Verfügbar;Hauptgebäude;Karlsplatz 13,;AEU119;https://tiss.tuwien.ac.at/events/roomSchedule.xhtml?roomCode=AEU119
Seminarraum AE U1 - 5;40;;Zentral;Verfügbar;Hauptgebäude;Karlsplatz 13,;AEU125;https://tiss.tuwien.ac.at/events/roomSchedule.xhtml?roomCode=AEU125
Seminarraum AE U1 - 6;24;;Zentral;Verfügbar;Hauptgebäude;Karlsplatz 13,;AEU131;https://tiss.tuwien.ac.at/events/roomSchedule.xhtml?roomCode=AEU131
Seminarraum AE U1 - 7;54;;Zentral;Verfügbar;Hauptgebäude;Karlsplatz 13,;AEU140;https://tiss.tuwien.ac.at/events/roomSchedule.xhtml?roomCode=AEU140
Seminarraum AEEG-1;25;E234;Lokal;Verfügbar;Hauptgebäude;Karlsplatz 13, Stiege 2;AEEG25;https://tiss.tuwien.ac.at/events/roomSchedule.xhtml?roomCode=234
Seminarraum AF 03-1;24;E260-02;Lokal;Verfügbar;Hauptgebäude;Karlsplatz 13,;AF0312;https://tiss.tuwien.ac.at/events/roomSchedule.xhtml?roomCode=AF0312
Seminarraum AI;25;E141;Lokal;Verfügbar;Atominstitut;Stadionallee 2,;ZDEG10;https://tiss.tuwien.ac.at/events/roomSchedule.xhtml?roomCode=AIS
Seminarraum Argentinierstrasse;50;;Zentral;Verfügbar;Institutsgebäude;Argentinierstraße 8, Argentinierstrasse 8 od. Paniglgasse, EG;EAEG06;https://tiss.tuwien.ac.at/events/roomSchedule.xhtml?roomCode=ARG
Seminarraum BA 02A;36;;Zentral;Verfügbar;Plus Energie Büro Hochhaus;Getreidemarkt 9, Bauteil BA Hochhaus, 2.OG;BA02G02;https://tiss.tuwien.ac.at/events/roomSchedule.xhtml?roomCode=SEM+BA+02A
Seminarraum BA 02B;70;;Zentral;Verfügbar;Plus Energie Büro Hochhaus;Getreidemarkt 9, Bauteil BA Hochhaus, 2.OG;BA02A17;https://tiss.tuwien.ac.at/events/roomSchedule.xhtml?roomCode=SEM+BA+02B
Seminarraum BA 02C;22;;Zentral;Verfügbar;Plus Energie Büro Hochhaus;Getreidemarkt 9, Bauteil BA Hochhaus, 2.OG;BA02G08;https://tiss.tuwien.ac.at/events/roomSchedule.xhtml?roomCode=SEM+BA+02C
Seminarraum BA 03/ Prüfungszimmer Dekanat;10;;Nicht buchbar;Nicht mehr Verfügbar;Plus Energie Büro Hochhaus;Getreidemarkt 9,;BA03D13;https://tiss.tuwien.ac.at/events/roomSchedule.xhtml?roomCode=BA03+D13
Seminarraum BA 05 - MB;40;;Zentral;Verfügbar;Plus Energie Büro Hochhaus;Getreidemarkt 9, Bauteil BA Hochhaus, 5.OG;BA05G02;https://tiss.tuwien.ac.at/events/roomSchedule.xhtml?roomCode=SEM+BA+05
Seminarraum BA 08A - MB;40;;Zentral;Verfügbar;Plus Energie Büro Hochhaus;Getreidemarkt 9, Bauteil BA Hochhaus, 8.OG;BA08G02;https://tiss.tuwien.ac.at/events/roomSchedule.xhtml?roomCode=SEM+BA+08A
Seminarraum BA 08B - MB;30;;Zentral;Verfügbar;Plus Energie Büro Hochhaus;Getreidemarkt 9, Bauteil BA Hochhaus, 8.OG;BA08G08;https://tiss.tuwien.ac.at/events/roomSchedule.xhtml?roomCode=SEM+BA+08B
Seminarraum BA 10B - MB;30;;Zentral;Verfügbar;Plus Energie Büro Hochhaus;Getreidemarkt 9, Bauteil BA Hochhaus, 10.OG;BA10G08;https://tiss.tuwien.ac.at/events/roomSchedule.xhtml?roomCode=SR+BA+10B
Seminarraum BD 02C;18;;Zentral;Verfügbar;Hoftrakt;Lehargasse 6, Bauteil BD Hoftrakt,2.OG;BD02G28;https://tiss.tuwien.ac.at/events/roomSchedule.xhtml?roomCode=SEM+BD+02C
Seminarraum BD 03;24;;Zentral;Verfügbar;Hoftrakt;Lehargasse 6, Bauteil BD Hoftrakt, 3.OG;BD03G28;https://tiss.tuwien.ac.at/events/roomSchedule.xhtml?roomCode=307A
Seminarraum BE 01;25;E317;Nicht buchbar;Verfügbar;Lückenbau;Gumpendorfer Straße 7, Bauteil BE Lückenbau, 1.OG;BE0108;https://tiss.tuwien.ac.at/events/roomSchedule.xhtml?roomCode=SEMBE02
Seminarraum BH 03 Biotechnologie;10;E166;Lokal;Verfügbar;Institutsgebäude;Gumpendorfer Straße 1a, Bauteil BH Gumpendorferstr., EG;BH03F06;https://tiss.tuwien.ac.at/events/roomSchedule.xhtml?roomCode=166S-5
Seminarraum BH Biosciences;25;E166;Lokal;Verfügbar;Institutsgebäude;Gumpendorfer Straße 1a, Bauteil BH Gumpendorferstr., EG;BHEGD16;https://tiss.tuwien.ac.at/events/roomSchedule.xhtml?roomCode=1665
Seminarraum CA0322 (Ersatz Proj.-Raum 15);36;;Lokal & zentral;Verfügbar;Gußhausstr. 27-29 - Neu El;Gußhausstraße 25-29,;CA0322;https://tiss.tuwien.ac.at/events/roomSchedule.xhtml?roomCode=CA0322
Seminarraum CD0520;10;E360-01;Nicht buchbar;Verfügbar;Gußhausstr. 27-29 - Neu El;Gußhausstraße 25-29, Gußhausstraße 27-29;CD0520;https://tiss.tuwien.ac.at/events/roomSchedule.xhtml?roomCode=CD0520
Seminarraum CF 01 53;20;;Zentral;Verfügbar;Haupttrakt;Gußhausstraße 25-25a,;CF0153;https://tiss.tuwien.ac.at/events/roomSchedule.xhtml?roomCode=CF+01+53
Seminarraum CHEG;30;;Zentral;Verfügbar;ZMNS;Gußhausstraße 25-25a,;CHEG34;https://tiss.tuwien.ac.at/events/roomSchedule.xhtml?roomCode=CHEG34
Seminarraum DE0110;30;E191;Lokal;Verfügbar;Institutsgebäude;Treitlstraße 3,;DE0110;https://tiss.tuwien.ac.at/events/roomSchedule.xhtml?roomCode=DE0110
Seminarraum EB EG-1;12;;Zentral;Verfügbar;Institutsgebäude;Karlsgasse 11,;EBEG03;https://tiss.tuwien.ac.at/events/roomSchedule.xhtml?roomCode=EBEG03
Seminarraum EBEG-2;32;;Zentral;Verfügbar;Institutsgebäude;Karlsgasse 11,;EBEG09;https://tiss.tuwien.ac.at/events/roomSchedule.xhtml?roomCode=EBEG09
Seminarraum EBEG-3;30;;Zentral;Verfügbar;Institutsgebäude;Karlsgasse 11,;EBEG20;https://tiss.tuwien.ac.at/events/roomSchedule.xhtml?roomCode=EBEG20
Seminarraum EBU1-1;16;;Zentral;Verfügbar;Institutsgebäude;Karlsgasse 11,;EBU103;https://tiss.tuwien.ac.at/events/roomSchedule.xhtml?roomCode=EBU103
Seminarraum EBU1-2;30;;Zentral;Verfügbar;Institutsgebäude;Karlsgasse 11,;EBU109;https://tiss.tuwien.ac.at/events/roomSchedule.xhtml?roomCode=EBU109
Seminarraum EBU1-3;18;;Zentral;Verfügbar;Institutsgebäude;Karlsgasse 11,;EBU120;https://tiss.tuwien.ac.at/events/roomSchedule.xhtml?roomCode=EBU120
Seminarraum FAV 01 A (Seminarraum 183/2);22;;Zentral;Verfügbar;Institutsgebäude;Favoritenstraße 9-11, 1. Obergeschoß;HE0102;https://tiss.tuwien.ac.at/events/roomSchedule.xhtml?roomCode=1832
Seminarraum FAV 01 B (Seminarraum 187/2);26;;Zentral;Verfügbar;Institutsgebäude;Favoritenstraße 9-11, 1. Obergeschoß;HF0109;https://tiss.tuwien.ac.at/events/roomSchedule.xhtml?roomCode=1872
Seminarraum FAV 01 C (Seminarraum 188/2);26;;Zentral;Verfügbar;Institutsgebäude;Favoritenstraße 9-11, 1. Obergeschoß;HE0108;https://tiss.tuwien.ac.at/events/roomSchedule.xhtml?roomCode=1882
Seminarraum FAV 05 (Seminarraum 186);36;E193;Lokal & zentral;Verfügbar;Institutsgebäude;Favoritenstraße 9-11, 5. Obergeschoß;HA0503;https://tiss.tuwien.ac.at/events/roomSchedule.xhtml?roomCode=186
Seminarraum FAV EG B (Seminarraum von Neumann);25;E192;Lokal & zentral;Verfügbar;Institutsgebäude;Favoritenstraße 9-11, Erdgeschoß;HBEG16;https://tiss.tuwien.ac.at/events/roomSchedule.xhtml?roomCode=SEMN
Seminarraum FAV EG C (Seminarraum Gödel);30;E192;Lokal & zentral;Verfügbar;Institutsgebäude;Favoritenstraße 9-11, Erdgeschoß;HBEG10;https://tiss.tuwien.ac.at/events/roomSchedule.xhtml?roomCode=SEMG
Seminarraum Funke Halle;30;;Nicht buchbar;Verfügbar;Aspanggründe;Adolf Blamauerg. 1-3,;MBEG28;https://tiss.tuwien.ac.at/events/roomSchedule.xhtml?roomCode=F311
Seminarraum Lehar 01;20;E165;Lokal & zentral;Verfügbar;Lehartrakt;Lehargasse 4, Bauteil BC Lehartrakt, 1.OG;BC01A46;https://tiss.tuwien.ac.at/events/roomSchedule.xhtml?roomCode=Lehar+01
Seminarraum Lehar 02;20;E165;Lokal & zentral;Verfügbar;Lehartrakt;Lehargasse 4, Bauteil BC Lehartrakt, 2.OG;BC02A46;https://tiss.tuwien.ac.at/events/roomSchedule.xhtml?roomCode=Lehar+02
Seminarraum Lehar 03;20;E163;Lokal & zentral;Verfügbar;Lehartrakt;Lehargasse 4, Bauteil BC Lehartrakt, 3.OG;BC03A46;https://tiss.tuwien.ac.at/events/roomSchedule.xhtml?roomCode=1633
Seminarraum Lehar EG;18;E164;Lokal;Verfügbar;Lehartrakt;Lehargasse 4, Bauteil BC Lehartrakt, EG;BCEGA36;https://tiss.tuwien.ac.at/events/roomSchedule.xhtml?roomCode=LeharEG
Seminarraum O221-1;25;;Zentral;Verfügbar;Objekt 221;Franz-Grill-Straße 2-4,;OAEGC11;https://tiss.tuwien.ac.at/events/roomSchedule.xhtml?roomCode=OAEGC11
Seminarraum O221-2;25;;Zentral;Verfügbar;Objekt 221;Franz-Grill-Straße 2-4,;OAEGC45;https://tiss.tuwien.ac.at/events/roomSchedule.xhtml?roomCode=OAEGC45
Seminarraum OD 01 - 1;23;E249-01;Lokal;Verfügbar;Arsenal OD;Lilienthalgasse 21,;OD0122;https://tiss.tuwien.ac.at/events/roomSchedule.xhtml?roomCode=OD0122
Seminarraum Techn. Informatik;30;E193;Lokal;Verfügbar;Institutsgebäude;Treitlstraße 3, ZUGANG ÜBER OPERNGASSE 9, Erdgeschoß;DEEG39;https://tiss.tuwien.ac.at/events/roomSchedule.xhtml?roomCode=SETI
Seminarraum W1;60;E280;Nicht buchbar;Nicht mehr Verfügbar;Alte Wirtschaftsuniversität Wien (WUW);Augasse 2-6, WU 2.OG;WB 02 A01;https://tiss.tuwien.ac.at/events/roomSchedule.xhtml?roomCode=WB02A01
Seminarraum W15;60;E280;Nicht buchbar;Nicht mehr Verfügbar;Alte Wirtschaftsuniversität Wien (WUW);Augasse 2-6, WU 2.OG;WD 02 A21;https://tiss.tuwien.ac.at/events/roomSchedule.xhtml?roomCode=WD02A21
Seminarraum W30;24;E280;Nicht buchbar;Nicht mehr Verfügbar;Alte Wirtschaftsuniversität Wien (WUW);Augasse 2-6, WU 2.OG;WD 02 A03;https://tiss.tuwien.ac.at/events/roomSchedule.xhtml?roomCode=WD02A03
Seminarraum W7A;20;E280;Nicht buchbar;Nicht mehr Verfügbar;Alte Wirtschaftsuniversität Wien (WUW);Augasse 2-6, WU 2.OG;WB 02 J18;https://tiss.tuwien.ac.at/events/roomSchedule.xhtml?roomCode=WB02J18
Seminarraum W92;100;E280;Nicht buchbar;Nicht mehr Verfügbar;Alte Wirtschaftsuniversität Wien (WUW);Augasse 2-6, WU EG;WD EG G09;https://tiss.tuwien.ac.at/events/roomSchedule.xhtml?roomCode=WDEG09
Seminarraum ZE 01 - 1;30;;Zentral;Verfügbar;Stadionallee 2 Neubau;Stadionallee 2,;ZE0105;https://tiss.tuwien.ac.at/events/roomSchedule.xhtml?roomCode=ZE0105
Seminarraum ZE 03 - 1;10;;Zentral;Verfügbar;Stadionallee 2 Neubau;Stadionallee 2,;ZE0305;https://tiss.tuwien.ac.at/events/roomSchedule.xhtml?roomCode=ZE0305
Sinterraum;3;E150;Nicht buchbar;Verfügbar;Eckbau;Getreidemarkt 9,;BB01C05;https://tiss.tuwien.ac.at/events/roomSchedule.xhtml?roomCode=BB01C05
Sitzungszimmer BI 03A03;12;E166;Nicht buchbar;Nicht mehr Verfügbar;Loschmitdt Trakt;Getreidemarkt 9, Bauteil BI Loschmidttrakt,3.OG;BI03A03;https://tiss.tuwien.ac.at/events/roomSchedule.xhtml?roomCode=166S
Software LAB;3;;Lokal;Verfügbar;Loschmitdt Trakt;Getreidemarkt 9,;BI05G04;https://tiss.tuwien.ac.at/events/roomSchedule.xhtml?roomCode=BI05G04
Sputterlabor;4;E366;Nicht buchbar;Verfügbar;ZMNS;Gußhausstraße 25-25a,;CH0137;https://tiss.tuwien.ac.at/events/roomSchedule.xhtml?roomCode=CH0137
Stromversorgungsraum;8;E370-02;Nicht buchbar;Verfügbar;Haupttrakt;Gußhausstraße 25-25a,;CFSO16;https://tiss.tuwien.ac.at/events/roomSchedule.xhtml?roomCode=CFSO16
TILab Raum 1;9;E199;Nicht buchbar;Verfügbar;Institutsgebäude;Treitlstraße 3,;Dez.24;https://tiss.tuwien.ac.at/events/roomSchedule.xhtml?roomCode=DE+ZE+24
TILab Raum 2;9;E199;Nicht buchbar;Verfügbar;Institutsgebäude;Treitlstraße 3,;Dez.32;https://tiss.tuwien.ac.at/events/roomSchedule.xhtml?roomCode=DE+ZE+32
TILab Raum 3;9;E199;Nicht buchbar;Verfügbar;Institutsgebäude;Treitlstraße 3,;Dez.40;https://tiss.tuwien.ac.at/events/roomSchedule.xhtml?roomCode=DE+ZE+40
TILab Raum 4;11;E199;Nicht buchbar;Verfügbar;Institutsgebäude;Treitlstraße 3,;Dez.64;https://tiss.tuwien.ac.at/events/roomSchedule.xhtml?roomCode=DE+ZE+64
TILab Raum 5;3;E199;Nicht buchbar;Verfügbar;Institutsgebäude;Treitlstraße 3,;Dez.72;https://tiss.tuwien.ac.at/events/roomSchedule.xhtml?roomCode=DE+ZE+72
TVFA Halle - Achtung! Ausstellungsraum/Werkraum;300;E299-01;Lokal;Verfügbar;Erzherzog-Johann-Pl. 1;Erzherzog-Johann-Platz 1,;FCEG14H;https://tiss.tuwien.ac.at/events/roomSchedule.xhtml?roomCode=FCEG14H
Theresianumgasse HS 2;21;E330;Lokal;Verfügbar;Außenstandort;Theresianumgasse 27,;QA0107;https://tiss.tuwien.ac.at/events/roomSchedule.xhtml?roomCode=THE2
Verfahrenstechnik Technikum;12;E150;Nicht buchbar;Verfügbar;Eckbau;Getreidemarkt 9,;BBU1L17;https://tiss.tuwien.ac.at/events/roomSchedule.xhtml?roomCode=BBU1L17
Vortragsraum Konstruktionslehre;8;E307;Lokal;Verfügbar;Hoftrakt;Lehargasse 6, 4. Obergeschoss;BD04B33;https://tiss.tuwien.ac.at/events/roomSchedule.xhtml?roomCode=BD+04+B33
Werkstatt;7;;Lokal & zentral;Verfügbar;Institutsgebäude;Favoritenstraße 9-11,;HIEG08;https://tiss.tuwien.ac.at/events/roomSchedule.xhtml?roomCode=HIEG08
Werkstoffelabor;12;;Nicht buchbar;Verfügbar;Gußhausstr. 27-29 - Neu El;Gußhausstraße 25-29,;;https://tiss.tuwien.ac.at/events/roomSchedule.xhtml?roomCode=CD0108
Zeichensaal 1;40;E100;Lokal;Verfügbar;Freihausgebäude;Wiedner Hauptstraße 8-10,;DA08E10;https://tiss.tuwien.ac.at/events/roomSchedule.xhtml?roomCode=DA+08+E10
Zeichensaal 3;80;E100;Lokal;Verfügbar;Freihausgebäude;Wiedner Hauptstraße 8-10,;DA07A05;https://tiss.tuwien.ac.at/events/roomSchedule.xhtml?roomCode=DA07A05
Zeichensaal 7;90;E299-01;Nicht buchbar;Verfügbar;Hauptgebäude;Karlsplatz 13, Hauptgebäude, Stiege 4, 3.Stock;AG0306;https://tiss.tuwien.ac.at/events/roomSchedule.xhtml?roomCode=ZS7
Zeichensaal CF0335;20;;Nicht buchbar;Verfügbar;Haupttrakt;Gußhausstraße 25-25a,;CF0335;https://tiss.tuwien.ac.at/events/roomSchedule.xhtml?roomCode=CF0335
Zeichensaal Ella Briggs;30;E299-02;Nicht buchbar;Verfügbar;Hauptgebäude;Karlsplatz 13,;;https://tiss.tuwien.ac.at/events/roomSchedule.xhtml?roomCode=AFEG08
Zentralgarderobe BCU1;150;E150;Nicht buchbar;Verfügbar;Lehartrakt;Lehargasse 4,;BCU1F37;https://tiss.tuwien.ac.at/events/roomSchedule.xhtml?roomCode=BCU1F37
Zentralgarderobe BIU1;218;E150;Nicht buchbar;Verfügbar;Loschmitdt Trakt;Getreidemarkt 9,;BIU1G18;https://tiss.tuwien.ac.at/events/roomSchedule.xhtml?roomCode=BIU1G18
complang-Labor;26;E194;Nicht buchbar;Verfügbar;Institutsgebäude;Argentinierstraße 8,;EAEG19;https://tiss.tuwien.ac.at/events/roomSchedule.xhtml?roomCode=EAEG+19
